image_id,column,historical,recomputed,absolute_error
bsd100/img_002.png,edge_density,0.0713346354167,0.07133463541666667,3.3334446314370325e-14
bsd100/img_002.png,grad_mean,0.0520099648247,0.052009964824668,3.200217868482014e-14
bsd100/img_002.png,grad_std,0.0886548608236,0.08865486082363609,3.60961260881254e-14
bsd100/img_002.png,local_tex,0.0490698500365,0.049069850036514984,1.4981071938535706e-14
bsd100/img_002.png,hf_energy,0.00280712326594,0.00280712326594,0.0
bsd100/img_002.png,colour_variance,359.61888351,359.6188835101673,1.67290181707358e-10
bsd100/img_002.png,sat_mean,0.238807953736,0.2388079537356993,3.0070390621972365e-13
bsd100/img_002.png,sat_std,0.262995182372,0.262995182371835,1.6497914145929826e-13
bsd100/img_002.png,noise,0.0198711727732,0.01987117277320202,2.0192181260370035e-15
bsd100/img_002.png,nearest_psnr,25.3971357073,25.39713570731486,1.4861001318422495e-11
bsd100/img_002.png,nearest_ssim,0.904330625837,0.9043306258372192,2.1926904736346842e-13
bsd100/img_002.png,nearest_delta_e,3.97276169923,3.972761699231096,1.0960121699099545e-12
bsd100/img_002.png,nearest_edge_preservation,0.913181688794,0.9131816887944402,4.4020342926387457e-13
bsd100/img_002.png,nearest_artifact_score,26.7425656491,26.74256564910962,9.617195928512956e-12
bsd100/img_002.png,bilinear_psnr,28.8017258037,28.80172580372132,2.1323387500160607e-11
bsd100/img_002.png,bilinear_ssim,0.952657469702,0.9526574697017614,2.3869795029440866e-13
bsd100/img_002.png,bilinear_delta_e,2.65518901347,2.655189013472848,2.8483881919783016e-12
bsd100/img_002.png,bilinear_edge_preservation,0.967297642023,0.9672976420225022,4.977129819394577e-13
bsd100/img_002.png,bilinear_artifact_score,16.4563618999,16.45636189991614,1.6139978242790676e-11
bsd100/img_002.png,cdiff_psnr,26.4057343235,26.40573432352656,2.6560087462712545e-11
bsd100/img_002.png,cdiff_ssim,0.960391851913,0.960391851913458,4.579669976578771e-13
bsd100/img_002.png,cdiff_delta_e,2.42809396767,2.4280939676728,2.7999824681046448e-12
bsd100/img_002.png,cdiff_edge_preservation,0.974870400964,0.9748704009642034,2.0339285811132868e-13
bsd100/img_002.png,cdiff_artifact_score,15.9195959073,15.919595907250187,4.9812598490461824e-11
bsd100/img_002.png,malvar_psnr,30.7515864559,30.751586455912726,1.2725820397463394e-11
bsd100/img_002.png,malvar_ssim,0.981821497136,0.9818214971362902,2.902122986370159e-13
bsd100/img_002.png,malvar_delta_e,1.91871470686,1.9187147068587858,1.2141398997300712e-12
bsd100/img_002.png,malvar_edge_preservation,0.988979381507,0.9889793815072139,2.1382895454280515e-13
bsd100/img_002.png,malvar_artifact_score,11.8969009821,11.896900982077328,2.2671642341265397e-11
bsd100/img_002.png,alleysson_psnr,30.7602138514,30.76021385142026,2.0261126110199257e-11
bsd100/img_002.png,alleysson_ssim,0.971622286594,0.9716222865939333,6.661338147750939e-14
bsd100/img_002.png,alleysson_delta_e,2.07524618541,2.075246185410439,4.3876013933186186e-13
bsd100/img_002.png,alleysson_edge_preservation,0.976547674936,0.9765476749358065,1.9351187319216478e-13
bsd100/img_002.png,alleysson_artifact_score,12.6744162201,12.6744162201177,1.7701395904623496e-11
bsd100/img_002.png,menon_psnr,31.8140298923,31.814029892305932,5.9330318435968366e-12
bsd100/img_002.png,menon_ssim,0.986807198103,0.9868071981025045,4.954925358902074e-13
bsd100/img_002.png,menon_delta_e,1.57223361828,1.5722336182782748,1.7252865802674933e-12
bsd100/img_002.png,menon_edge_preservation,0.993515640495,0.9935156404946098,3.9013237085328e-13
bsd100/img_002.png,menon_artifact_score,9.71084759168,9.710847591675751,4.249045559845399e-12
bsd100/img_003.png,edge_density,0.0693033854167,0.06930338541666667,3.3334446314370325e-14
bsd100/img_003.png,grad_mean,0.0596754347958,0.05967543479583683,3.683164884193957e-14
bsd100/img_003.png,grad_std,0.102029769471,0.10202976947084101,1.5898393712632242e-13
bsd100/img_003.png,local_tex,0.0546792790263,0.05467927902633111,3.1107061371216105e-14
bsd100/img_003.png,hf_energy,0.00800587528909,0.008005875289094602,4.602221381766469e-15
bsd100/img_003.png,colour_variance,560.556666662,560.556666661681,3.190052666468546e-10
bsd100/img_003.png,sat_mean,0.33684307278,0.33684307277975756,2.4241719742690293e-13
bsd100/img_003.png,sat_std,0.183980666743,0.18398066674282923,1.707800567629647e-13
bsd100/img_003.png,noise,0.0294897444074,0.029489744407423635,2.363387263670802e-14
bsd100/img_003.png,nearest_psnr,23.9594929395,23.959492939483233,1.6765255850259564e-11
bsd100/img_003.png,nearest_ssim,0.904665616425,0.9046656164250643,6.428191312579656e-14
bsd100/img_003.png,nearest_delta_e,4.82153960416,4.82153960415595,4.050093593832571e-12
bsd100/img_003.png,nearest_edge_preservation,0.897133000571,0.8971330005711888,1.8884893648873913e-13
bsd100/img_003.png,nearest_artifact_score,32.1190944712,32.1190944711793,2.069810989269172e-11
bsd100/img_003.png,bilinear_psnr,27.0022052145,27.002205214482167,1.7834622667578515e-11
bsd100/img_003.png,bilinear_ssim,0.945932847064,0.9459328470636398,3.602673714908633e-13
bsd100/img_003.png,bilinear_delta_e,3.36435084238,3.3643508423751944,4.8054893397875276e-12
bsd100/img_003.png,bilinear_edge_preservation,0.967081750121,0.96708175012088,1.199040866595169e-13
bsd100/img_003.png,bilinear_artifact_score,20.9496101682,20.949610168167602,3.239719603698177e-11
bsd100/img_003.png,cdiff_psnr,28.2136049003,28.21360490034864,4.864020297645766e-11
bsd100/img_003.png,cdiff_ssim,0.959289223264,0.9592892232641825,1.8252066524837574e-13
bsd100/img_003.png,cdiff_delta_e,2.79414261148,2.7941426114806895,6.896705428971472e-13
bsd100/img_003.png,cdiff_edge_preservation,0.980435702942,0.9804357029423654,3.65374397404139e-13
bsd100/img_003.png,cdiff_artifact_score,18.2410121728,18.24101217279025,9.752199048307375e-12
bsd100/img_003.png,malvar_psnr,29.3565910788,29.356591078825,2.5000446157719125e-11
bsd100/img_003.png,malvar_ssim,0.975397227717,0.9753972277167507,2.4924506902834764e-13
bsd100/img_003.png,malvar_delta_e,2.4606268385,2.460626838503059,3.0588864774472313e-12
bsd100/img_003.png,malvar_edge_preservation,0.98700000727,0.9870000072699109,8.915090887740007e-14
bsd100/img_003.png,malvar_artifact_score,14.7619355138,14.761935513845302,4.530242847522459e-11
bsd100/img_003.png,alleysson_psnr,29.157114451,29.157114451007,6.998845947236987e-12
bsd100/img_003.png,alleysson_ssim,0.965136458578,0.9651364585778294,1.7064127888488656e-13
bsd100/img_003.png,alleysson_delta_e,2.75235932951,2.75235932950997,2.9753977059954195e-14
bsd100/img_003.png,alleysson_edge_preservation,0.976342475098,0.9763424750979464,5.362377208939506e-14
bsd100/img_003.png,alleysson_artifact_score,16.0794141457,16.07941414565113,4.887112936557969e-11
bsd100/img_003.png,menon_psnr,32.441407543,32.44140754301765,1.764988155628089e-11
bsd100/img_003.png,menon_ssim,0.983279933852,0.9832799338520081,8.104628079763643e-15
bsd100/img_003.png,menon_delta_e,1.8477459589,1.8477459588954752,4.524824959162288e-12
bsd100/img_003.png,menon_edge_preservation,0.9930153229,0.9930153229001608,1.6076029396572267e-13
bsd100/img_003.png,menon_artifact_score,10.5763381569,10.576338156894517,5.483613563228573e-12
bsd100/img_004.png,edge_density,0.0963151041667,0.09631510416666667,3.3334446314370325e-14
bsd100/img_004.png,grad_mean,0.0533644674073,0.05336446740725201,4.798939023942239e-14
bsd100/img_004.png,grad_std,0.060809682951,0.06080968295098737,1.2628786905111156e-14
bsd100/img_004.png,local_tex,0.051403429005,0.05140342900499068,9.318934512947408e-15
bsd100/img_004.png,hf_energy,0.00412235719123,0.004122357191229534,4.657732532997727e-16
bsd100/img_004.png,colour_variance,83.8005464577,83.80054645772452,2.452793523843866e-11
bsd100/img_004.png,sat_mean,0.226195744518,0.2261957445178697,1.3031242751537775e-13
bsd100/img_004.png,sat_std,0.0984573555237,0.09845735552368895,1.1046719095020308e-14
bsd100/img_004.png,noise,0.0231347044876,0.023134704487623847,2.384550890077719e-14
bsd100/img_004.png,nearest_psnr,28.315673857,28.315673856976858,2.3142376903706463e-11
bsd100/img_004.png,nearest_ssim,0.934287982472,0.9342879824723235,3.235189893757706e-13
bsd100/img_004.png,nearest_delta_e,4.40157419108,4.4015741910755395,4.460432023734029e-12
bsd100/img_004.png,nearest_edge_preservation,0.914005273892,0.9140052738924805,4.805045250577678e-13
bsd100/img_004.png,nearest_artifact_score,18.529214608,18.52921460803548,3.54809515101806e-11
bsd100/img_004.png,bilinear_psnr,32.105335748,32.105335747958684,4.1318060084449826e-11
bsd100/img_004.png,bilinear_ssim,0.971101051911,0.9711010519113039,3.0386804183990535e-13
bsd100/img_004.png,bilinear_delta_e,2.37420499149,2.374204991487039,2.9611868512802175e-12
bsd100/img_004.png,bilinear_edge_preservation,0.959889540324,0.9598895403243554,3.553823901825126e-13
bsd100/img_004.png,bilinear_artifact_score,9.80790156829,9.807901568294787,4.787281682183675e-12
bsd100/img_004.png,cdiff_psnr,33.3978974821,33.39789748214286,4.285993782104924e-11
bsd100/img_004.png,cdiff_ssim,0.978947313615,0.9789473136149694,3.0531133177191805e-14
bsd100/img_004.png,cdiff_delta_e,2.02193228916,2.02193228916019,1.900701818158268e-13
bsd100/img_004.png,cdiff_edge_preservation,0.980475033172,0.9804750331718318,1.6819878823071122e-13
bsd100/img_004.png,cdiff_artifact_score,8.28050182908,8.280501829078872,1.127986593019159e-12
bsd100/img_004.png,malvar_psnr,35.1015337059,35.101533705947915,4.7911896672303556e-11
bsd100/img_004.png,malvar_ssim,0.989784110613,0.9897841106133576,3.576028362317629e-13
bsd100/img_004.png,malvar_delta_e,1.63237735901,1.6323773590143176,4.317657342767234e-12
bsd100/img_004.png,malvar_edge_preservation,0.990869950225,0.9908699502247914,2.0861090632706691e-13
bsd100/img_004.png,malvar_artifact_score,6.19215271313,6.192152713134737,4.737543690680468e-12
bsd100/img_004.png,alleysson_psnr,34.9438903239,34.94389032387197,2.8030910925735952e-11
bsd100/img_004.png,alleysson_ssim,0.985776223323,0.985776223322812,1.87960758069039e-13
bsd100/img_004.png,alleysson_delta_e,1.71861034742,1.7186103474212595,1.2594369991347776e-12
bsd100/img_004.png,alleysson_edge_preservation,0.980155477805,0.9801554778050514,5.140332604014475e-14
bsd100/img_004.png,alleysson_artifact_score,6.58616110822,6.586161108219658,3.419486915845482e-13
bsd100/img_004.png,menon_psnr,39.4646460506,39.4646460506078,7.794653811288299e-12
bsd100/img_004.png,menon_ssim,0.993982253279,0.9939822532792608,2.6079138848444927e-13
bsd100/img_004.png,menon_delta_e,1.24231426307,1.2423142630683002,1.6997514507011147e-12
bsd100/img_004.png,menon_edge_preservation,0.995717896112,0.9957178961116085,3.914646384828302e-13
bsd100/img_004.png,menon_artifact_score,4.01862706016,4.0186270601587,1.3002932064409833e-12
bsd100/img_012.png,edge_density,0.133977864583,0.13397786458333333,3.333167075680876e-13
bsd100/img_012.png,grad_mean,0.0801064540105,0.08010645401047096,2.9032332093947844e-14
bsd100/img_012.png,grad_std,0.0793119237599,0.07931192375991157,1.1574075031717257e-14
bsd100/img_012.png,local_tex,0.0704343493476,0.07043434934757381,2.618738559334588e-14
bsd100/img_012.png,hf_energy,0.00616653194252,0.006166531942522961,2.9611729734924097e-15
bsd100/img_012.png,colour_variance,398.735068874,398.73506887355575,4.4423131839721464e-10
bsd100/img_012.png,sat_mean,0.449043629528,0.4490436295281583,1.5831780331154732e-13
bsd100/img_012.png,sat_std,0.177597379625,0.1775973796246045,3.954891969470964e-13
bsd100/img_012.png,noise,0.0663224351723,0.06632243517229519,4.8155923693116165e-15
bsd100/img_012.png,nearest_psnr,25.6951855038,25.695185503815352,1.5351275806096965e-11
bsd100/img_012.png,nearest_ssim,0.885903209052,0.8859032090520899,8.981704269217516e-14
bsd100/img_012.png,nearest_delta_e,6.15959643675,6.159596436746702,3.297806472346565e-12
bsd100/img_012.png,nearest_edge_preservation,0.900161190998,0.900161190997661,3.389510894180603e-13
bsd100/img_012.png,nearest_artifact_score,25.6540402553,25.654040255334174,3.417355287638202e-11
bsd100/img_012.png,bilinear_psnr,29.9315695093,29.931569509267142,3.285904881522583e-11
bsd100/img_012.png,bilinear_ssim,0.950379115731,0.9503791157308202,1.7974510768681284e-13
bsd100/img_012.png,bilinear_delta_e,3.56879049375,3.5687904937529584,2.958522316021117e-12
bsd100/img_012.png,bilinear_edge_preservation,0.963438901154,0.9634389011541545,1.545430450278218e-13
bsd100/img_012.png,bilinear_artifact_score,13.253322605,13.253322604954459,4.554046029170422e-11
bsd100/img_012.png,cdiff_psnr,31.2760448726,31.27604487261207,1.2068568366885302e-11
bsd100/img_012.png,cdiff_ssim,0.962019863259,0.9620198632591346,1.3455903058456897e-13
bsd100/img_012.png,cdiff_delta_e,3.06130508318,3.061305083181472,1.4717116414431075e-12
bsd100/img_012.png,cdiff_edge_preservation,0.977294417745,0.9772944177454649,4.64850380410553e-13
bsd100/img_012.png,cdiff_artifact_score,11.3865089236,11.38650892362685,2.6851409984374186e-11
bsd100/img_012.png,malvar_psnr,30.5050396312,30.505039631249765,4.976641321263742e-11
bsd100/img_012.png,malvar_ssim,0.96319791334,0.9631979133397636,2.3647750424515834e-13
bsd100/img_012.png,malvar_delta_e,2.83510575968,2.8351057596778535,2.1462831512053526e-12
bsd100/img_012.png,malvar_edge_preservation,0.98165138962,0.9816513896196881,3.1186164761720647e-13
bsd100/img_012.png,malvar_artifact_score,9.70293514846,9.702935148464459,4.458655666894629e-12
bsd100/img_012.png,alleysson_psnr,32.7908274234,32.79082742339756,2.4442670110147446e-12
bsd100/img_012.png,alleysson_ssim,0.973357652094,0.9733576520941153,1.1524114995609125e-13
bsd100/img_012.png,alleysson_delta_e,2.73378571823,2.7337857182319825,1.9824142327706795e-12
bsd100/img_012.png,alleysson_edge_preservation,0.980153438304,0.9801534383041525,1.52433621281034e-13
bsd100/img_012.png,alleysson_artifact_score,8.93396549632,8.933965496324054,4.0536463075113716e-12
bsd100/img_012.png,menon_psnr,31.3330411623,31.333041162258603,4.139621978538344e-11
bsd100/img_012.png,menon_ssim,0.953796927187,0.953796927187015,1.4988010832439613e-14
bsd100/img_012.png,menon_delta_e,2.64404700604,2.64404700604054,5.400124791776761e-13
bsd100/img_012.png,menon_edge_preservation,0.982829033272,0.982829033272415,4.150013666048835e-13
bsd100/img_012.png,menon_artifact_score,7.96507489532,7.965074895324982,4.9817927560980024e-12
bsd100/img_013.png,edge_density,0.12203125,0.12203125,0.0
bsd100/img_013.png,grad_mean,0.0633949321093,0.06339493210926304,3.69565489322099e-14
bsd100/img_013.png,grad_std,0.0593645441543,0.05936454415432047,2.0469737016526324e-14
bsd100/img_013.png,local_tex,0.0577893173563,0.05778931735632311,2.310651670001107e-14
bsd100/img_013.png,hf_energy,0.00232591402877,0.002325914028774926,4.926180990905138e-15
bsd100/img_013.png,colour_variance,25.8072782089,25.807278208925965,2.596323156467406e-11
bsd100/img_013.png,sat_mean,0.0901472383602,0.09014723836020283,2.831068712794149e-15
bsd100/img_013.png,sat_std,0.0590446002309,0.0590446002308738,2.6201263381153694e-14
bsd100/img_013.png,noise,0.0373438463346,0.037343846334600674,6.730727086790012e-16
bsd100/img_013.png,nearest_psnr,28.1340072406,28.134007240554126,4.587263902067207e-11
bsd100/img_013.png,nearest_ssim,0.927186893346,0.9271868933457389,2.611244553918368e-13
bsd100/img_013.png,nearest_delta_e,5.60053955788,5.600539557875583,4.416911281168723e-12
bsd100/img_013.png,nearest_edge_preservation,0.920725451413,0.9207254514125005,4.994893387788579e-13
bsd100/img_013.png,nearest_artifact_score,18.1719905904,18.171990590405617,5.616840326183592e-12
bsd100/img_013.png,bilinear_psnr,32.4966592843,32.49665928425465,4.5353942823567195e-11
bsd100/img_013.png,bilinear_ssim,0.96965439284,0.9696543928400128,1.27675647831893e-14
bsd100/img_013.png,bilinear_delta_e,3.03800820704,3.0380082070386485,1.3513634655737405e-12
bsd100/img_013.png,bilinear_edge_preservation,0.966670974979,0.9666709749790229,2.2870594307278225e-14
bsd100/img_013.png,bilinear_artifact_score,9.12000646421,9.120006464212992,2.9913849175500218e-12
bsd100/img_013.png,cdiff_psnr,34.7207569765,34.72075697654404,4.403943876241101e-11
bsd100/img_013.png,cdiff_ssim,0.979331116761,0.9793311167606356,3.644862189844389e-13
bsd100/img_013.png,cdiff_delta_e,2.35418045858,2.3541804585759962,4.0039083160081645e-12
bsd100/img_013.png,cdiff_edge_preservation,0.982720356515,0.9827203565147187,2.8133051444001467e-13
bsd100/img_013.png,cdiff_artifact_score,7.40535186098,7.405351860975697,4.302336265027407e-12
bsd100/img_013.png,malvar_psnr,37.1232668523,37.123266852338176,3.817746119239018e-11
bsd100/img_013.png,malvar_ssim,0.992618158399,0.9926181583991397,1.396660564978447e-13
bsd100/img_013.png,malvar_delta_e,1.8376523586,1.8376523585985591,1.4408474413585282e-12
bsd100/img_013.png,malvar_edge_preservation,0.993409536907,0.9934095369070759,7.593925488436071e-14
bsd100/img_013.png,malvar_artifact_score,5.20260300328,5.202603003284887,4.886757665190089e-12
bsd100/img_013.png,alleysson_psnr,35.9995918743,35.99959187433127,3.127098580080201e-11
bsd100/img_013.png,alleysson_ssim,0.986609506071,0.9866095060706052,3.9479530755670567e-13
bsd100/img_013.png,alleysson_delta_e,2.09170950347,2.091709503473523,3.5229597017405467e-12
bsd100/img_013.png,alleysson_edge_preservation,0.98379419341,0.9837941934103341,3.341771304121721e-13
bsd100/img_013.png,alleysson_artifact_score,5.86565255232,5.865652552321427,1.4264145420384011e-12
bsd100/img_013.png,menon_psnr,40.7091645155,40.70916451553683,3.682742999444599e-11
bsd100/img_013.png,menon_ssim,0.994869480409,0.9948694804090603,6.0285110237146e-14
bsd100/img_013.png,menon_delta_e,1.50188207329,1.5018820732883085,1.6915358003188885e-12
bsd100/img_013.png,menon_edge_preservation,0.997341297188,0.9973412971883712,3.7114755713218983e-13
bsd100/img_013.png,menon_artifact_score,3.61439165437,3.6143916543747547,4.7548631698646204e-12
bsd100/img_015.png,edge_density,0.126302083333,0.12630208333333334,3.3334446314370325e-13
bsd100/img_015.png,grad_mean,0.0903428914445,0.09034289144447333,2.6673108166619386e-14
bsd100/img_015.png,grad_std,0.099551425821,0.09955142582102502,2.5021651417489466e-14
bsd100/img_015.png,local_tex,0.078359880898,0.07835988089795064,4.936329123239602e-14
bsd100/img_015.png,hf_energy,0.0126117505686,0.012611750568568144,3.1856461912838085e-14
bsd100/img_015.png,colour_variance,87.7054233344,87.70542333440474,4.746425474877469e-12
bsd100/img_015.png,sat_mean,0.226323270009,0.22632327000909935,9.936496070395151e-14
bsd100/img_015.png,sat_std,0.106997582428,0.10699758242775138,2.48620568576996e-13
bsd100/img_015.png,noise,0.0714831404436,0.07148314044359468,5.329070518200751e-15
bsd100/img_015.png,nearest_psnr,23.7338598444,23.733859844422856,2.2854607095723622e-11
bsd100/img_015.png,nearest_ssim,0.884104479328,0.8841044793280161,1.609823385706477e-14
bsd100/img_015.png,nearest_delta_e,7.94194660284,7.9419466028441335,4.133582365284383e-12
bsd100/img_015.png,nearest_edge_preservation,0.914984711876,0.9149847118764558,4.558575739110893e-13
bsd100/img_015.png,nearest_artifact_score,32.7446909979,32.744690997948105,4.810374321095878e-11
bsd100/img_015.png,bilinear_psnr,26.5040320485,26.504032048498278,1.723066134218243e-12
bsd100/img_015.png,bilinear_ssim,0.929749657581,0.9297496575810277,2.7644553313166398e-14
bsd100/img_015.png,bilinear_delta_e,5.22087350653,5.220873506527206,2.794209308376594e-12
bsd100/img_015.png,bilinear_edge_preservation,0.955001836207,0.9550018362065357,4.642952688982405e-13
bsd100/img_015.png,bilinear_artifact_score,20.5716868687,20.57168686871763,1.7632117987886886e-11
bsd100/img_015.png,cdiff_psnr,27.6136252395,27.613625239490872,9.126921440838487e-12
bsd100/img_015.png,cdiff_ssim,0.949709106572,0.9497091065717121,2.878808302853031e-13
bsd100/img_015.png,cdiff_delta_e,4.23073346634,4.230733466335826,4.1744385725905886e-12
bsd100/img_015.png,cdiff_edge_preservation,0.970012988044,0.9700129880440639,6.38378239159465e-14
bsd100/img_015.png,cdiff_artifact_score,18.428725865,18.428725864969167,3.083400201830955e-11
bsd100/img_015.png,malvar_psnr,29.001797825,29.00179782499201,7.990053063622327e-12
bsd100/img_015.png,malvar_ssim,0.979613375518,0.9796133755184641,4.640732242933154e-13
bsd100/img_015.png,malvar_delta_e,3.57777817979,3.577778179791288,1.2878587085651816e-12
bsd100/img_015.png,malvar_edge_preservation,0.986941015093,0.9869410150927199,2.80109269112927e-13
bsd100/img_015.png,malvar_artifact_score,14.5779172423,14.577917242334795,3.4795277770172106e-11
bsd100/img_015.png,alleysson_psnr,29.1877885415,29.18778854152694,2.6936675112665398e-11
bsd100/img_015.png,alleysson_ssim,0.962494227561,0.9624942275610666,6.661338147750939e-14
bsd100/img_015.png,alleysson_delta_e,3.96469828845,3.9646982884456126,4.387601393318619e-12
bsd100/img_015.png,alleysson_edge_preservation,0.974413556845,0.9744135568446267,3.7325698087897763e-13
bsd100/img_015.png,alleysson_artifact_score,15.107751782,15.107751782009167,9.167777648144693e-12
bsd100/img_015.png,menon_psnr,30.938771357,30.93877135701503,1.502797886132612e-11
bsd100/img_015.png,menon_ssim,0.985226160806,0.9852261608056664,3.3362201889985954e-13
bsd100/img_015.png,menon_delta_e,2.77721221704,2.7772122170352236,4.7766235411472735e-12
bsd100/img_015.png,menon_edge_preservation,0.991233085464,0.9912330854639347,6.52811138479592e-14
bsd100/img_015.png,menon_artifact_score,11.8317343652,11.831734365211773,1.177191677470546e-11
bsd100/img_017.png,edge_density,0.0415364583333,0.04153645833333333,3.3334446314370325e-14
bsd100/img_017.png,grad_mean,0.0301128364899,0.03011283648990159,1.5890067039947553e-15
bsd100/img_017.png,grad_std,0.0490938590589,0.04909385905894694,4.69416172599324e-14
bsd100/img_017.png,local_tex,0.0300878186071,0.030087818607069224,3.077746391078051e-14
bsd100/img_017.png,hf_energy,0.00316738183912,0.0031673818391164572,3.5427390188136343e-15
bsd100/img_017.png,colour_variance,110.359859525,110.35985952470875,2.9125146738806507e-10
bsd100/img_017.png,sat_mean,0.464835631758,0.46483563175830067,3.006483950684924e-13
bsd100/img_017.png,sat_std,0.232754936417,0.23275493641688294,1.1707301794672276e-13
bsd100/img_017.png,noise,0.0157573534284,0.01575735342836662,3.337954912474572e-14
bsd100/img_017.png,nearest_psnr,31.4095791895,31.409579189540523,4.0522252220398514e-11
bsd100/img_017.png,nearest_ssim,0.949279688178,0.9492796881776946,3.0542235407438056e-13
bsd100/img_017.png,nearest_delta_e,2.68555409086,2.685554090859498,5.022648963404208e-13
bsd100/img_017.png,nearest_edge_preservation,0.9345925329,0.9345925329002491,2.4913404672588513e-13
bsd100/img_017.png,nearest_artifact_score,13.4887029507,13.488702950733469,3.346833921114012e-11
bsd100/img_017.png,bilinear_psnr,34.593446855,34.59344685500851,8.5051965470484e-12
bsd100/img_017.png,bilinear_ssim,0.969079269256,0.9690792692562599,2.5990321006474915e-13
bsd100/img_017.png,bilinear_delta_e,1.76106085933,1.761060859331799,1.7990053891026037e-12
bsd100/img_017.png,bilinear_edge_preservation,0.966403047621,0.9664030476210771,7.704947790898586e-14
bsd100/img_017.png,bilinear_artifact_score,8.5506519082,8.55065190819985,1.509903313490213e-13
bsd100/img_017.png,cdiff_psnr,35.7157130337,35.715713033738666,3.866773568006465e-11
bsd100/img_017.png,cdiff_ssim,0.974582285351,0.9745822853506251,3.7492231541591536e-13
bsd100/img_017.png,cdiff_delta_e,1.5072852466,1.5072852466007696,7.696066006701585e-13
bsd100/img_017.png,cdiff_edge_preservation,0.97832833814,0.9783283381401112,1.1124434706744069e-13
bsd100/img_017.png,cdiff_artifact_score,7.34298686567,7.342986865671197,1.1963763313360687e-12
bsd100/img_017.png,malvar_psnr,36.9661766646,36.96617666463721,3.7211123071756447e-11
bsd100/img_017.png,malvar_ssim,0.985623620709,0.9856236207086163,3.836930773104541e-13
bsd100/img_017.png,malvar_delta_e,1.30862928194,1.3086292819423966,2.396527420955863e-12
bsd100/img_017.png,malvar_edge_preservation,0.989881513806,0.9898815138058368,1.63202784619898e-13
bsd100/img_017.png,malvar_artifact_score,5.55562372083,5.555623720828155,1.84474657771716e-12
bsd100/img_017.png,alleysson_psnr,37.119023008,37.119023007977816,2.2183144210430328e-11
bsd100/img_017.png,alleysson_ssim,0.983376664482,0.9833766644820806,8.060219158778636e-14
bsd100/img_017.png,alleysson_delta_e,1.4332328511,1.4332328510972199,2.780220498266317e-12
bsd100/img_017.png,alleysson_edge_preservation,0.983402531379,0.9834025313794316,4.3154368967179835e-13
bsd100/img_017.png,alleysson_artifact_score,6.30551050074,6.305510500743166,3.1663560662309465e-12
bsd100/img_017.png,menon_psnr,38.9851331325,38.98513313252032,2.0314416815381264e-11
bsd100/img_017.png,menon_ssim,0.987891176506,0.9878911765061158,1.1579626146840383e-13
bsd100/img_017.png,menon_delta_e,1.05409600451,1.0540960045106917,6.916689443414725e-13
bsd100/img_017.png,menon_edge_preservation,0.992477721467,0.9924777214668666,1.333377852574813e-13
bsd100/img_017.png,menon_artifact_score,4.37730607652,4.377306076516963,3.036682016954728e-12
bsd100/img_019.png,edge_density,0.0802213541667,0.08022135416666666,3.3334446314370325e-14
bsd100/img_019.png,grad_mean,0.0759179450382,0.07591794503817266,2.733924198139448e-14
bsd100/img_019.png,grad_std,0.114718762018,0.11471876201818575,1.857403120197887e-13
bsd100/img_019.png,local_tex,0.0746887565364,0.07468875653644606,4.606037773413618e-14
bsd100/img_019.png,hf_energy,0.0101419950714,0.010141995071352227,4.777254980492529e-14
bsd100/img_019.png,colour_variance,730.81293356,730.8129335597293,2.7068836061516777e-10
bsd100/img_019.png,sat_mean,0.393617714138,0.39361771413840974,4.09727807237914e-13
bsd100/img_019.png,sat_std,0.288323867567,0.28832386756726214,2.6212365611399946e-13
bsd100/img_019.png,noise,0.0449866050935,0.04498660509352436,2.436245649661828e-14
bsd100/img_019.png,nearest_psnr,22.695541168,22.695541167979954,2.0044410575792426e-11
bsd100/img_019.png,nearest_ssim,0.862348107558,0.8623481075576865,3.134159598516817e-13
bsd100/img_019.png,nearest_delta_e,6.36365848266,6.363658482659624,3.7569947153315297e-13
bsd100/img_019.png,nearest_edge_preservation,0.893749032326,0.8937490323259281,7.194245199571014e-14
bsd100/img_019.png,nearest_artifact_score,37.9212324938,37.92123249377772,2.227551476607914e-11
bsd100/img_019.png,bilinear_psnr,25.6809970634,25.680997063430635,3.063505005229672e-11
bsd100/img_019.png,bilinear_ssim,0.912884206431,0.9128842064312743,2.743361093848762e-13
bsd100/img_019.png,bilinear_delta_e,4.48908111776,4.489081117763783,3.7836400679225335e-12
bsd100/img_019.png,bilinear_edge_preservation,0.955111759287,0.9551117592874326,4.326539126964235e-13
bsd100/img_019.png,bilinear_artifact_score,25.1372145479,25.137214547889858,1.014299755297543e-11
bsd100/img_019.png,cdiff_psnr,27.1171726439,27.11717264391828,1.8282264591107378e-11
bsd100/img_019.png,cdiff_ssim,0.935506864572,0.93550686457238,3.7991831902672857e-13
bsd100/img_019.png,cdiff_delta_e,3.63038462061,3.6303846206149206,4.920508445138694e-12
bsd100/img_019.png,cdiff_edge_preservation,0.970894350373,0.9708943503733257,3.2573943542502093e-13
bsd100/img_019.png,cdiff_artifact_score,21.5870374616,21.587037461555845,4.4156678313811426e-11
bsd100/img_019.png,malvar_psnr,28.5372368714,28.537236871400573,5.719869022868806e-13
bsd100/img_019.png,malvar_ssim,0.952260140518,0.9522601405178732,1.2678746941219288e-13
bsd100/img_019.png,malvar_delta_e,3.27789620298,3.2778962029813243,1.3242740237728867e-12
bsd100/img_019.png,malvar_edge_preservation,0.985056110863,0.9850561108628744,1.2567724638756772e-13
bsd100/img_019.png,malvar_artifact_score,16.6503874665,16.650387466475024,2.497557716196752e-11
bsd100/img_019.png,alleysson_psnr,27.8667413158,27.866741315760024,3.9975134313863236e-11
bsd100/img_019.png,alleysson_ssim,0.936561800592,0.9365618005916011,3.9890313274781874e-13
bsd100/img_019.png,alleysson_delta_e,3.71668010527,3.716680105269225,7.749356711883593e-13
bsd100/img_019.png,alleysson_edge_preservation,0.969368872049,0.969368872049454,4.539701947692265e-13
bsd100/img_019.png,alleysson_artifact_score,19.1293587952,19.12935879515433,4.567013434098044e-11
bsd100/img_019.png,menon_psnr,30.0677842051,30.06778420509592,4.0820680169417756e-12
bsd100/img_019.png,menon_ssim,0.956534852461,0.9565348524610091,9.103828801926284e-15
bsd100/img_019.png,menon_delta_e,2.6974514782,2.6974514782025887,2.588596004216015e-12
bsd100/img_019.png,menon_edge_preservation,0.989852460188,0.9898524601877675,2.324807013565078e-13
bsd100/img_019.png,menon_artifact_score,13.7863877469,13.786387746909767,9.768186259861977e-12
bsd100/img_027.png,edge_density,0.109889322917,0.10988932291666667,3.3333058535589544e-13
bsd100/img_027.png,grad_mean,0.0765251022508,0.07652510225077391,2.609024107869118e-14
bsd100/img_027.png,grad_std,0.0821454001378,0.08214540013779686,3.1363800445660672e-15
bsd100/img_027.png,local_tex,0.0719396107779,0.07193961077787855,2.1441182163073336e-14
bsd100/img_027.png,hf_energy,0.0052472982879,0.005247298287897324,2.675810961694225e-15
bsd100/img_027.png,colour_variance,129.526292712,129.52629271174686,2.531237441871781e-10
bsd100/img_027.png,sat_mean,0.304873234546,0.304873234546237,2.3697710460623966e-13
bsd100/img_027.png,sat_std,0.0912019334662,0.09120193346619274,7.258083023486961e-15
bsd100/img_027.png,noise,0.0651526753108,0.06515267531080117,1.1657341758564144e-15
bsd100/img_027.png,nearest_psnr,25.5664317921,25.566431792083208,1.6793677559689968e-11
bsd100/img_027.png,nearest_ssim,0.901487880199,0.9014878801990376,3.7636560534792807e-14
bsd100/img_027.png,nearest_delta_e,5.81393363827,5.8139336382668265,3.1734614935885475e-12
bsd100/img_027.png,nearest_edge_preservation,0.913574381795,0.9135743817951061,1.0613732115416497e-13
bsd100/img_027.png,nearest_artifact_score,24.7527689586,24.752768958592178,7.823075520718703e-12
bsd100/img_027.png,bilinear_psnr,29.1224142809,29.122414280931608,3.1608493600288057e-11
bsd100/img_027.png,bilinear_ssim,0.940164254479,0.9401642544794344,4.3443026953582375e-13
bsd100/img_027.png,bilinear_delta_e,3.65623340497,3.656233404969468,5.32018873400375e-13
bsd100/img_027.png,bilinear_edge_preservation,0.96077249759,0.9607724975896815,3.185229857649574e-13
bsd100/img_027.png,bilinear_artifact_score,14.0379122163,14.037912216279182,2.0818902157770935e-11
bsd100/img_027.png,cdiff_psnr,29.5918804309,29.59188043086419,3.581135388230905e-11
bsd100/img_027.png,cdiff_ssim,0.955941763579,0.9559417635789538,4.618527782440651e-14
bsd100/img_027.png,cdiff_delta_e,3.15023103912,3.150231039116148,3.852029806239443e-12
bsd100/img_027.png,cdiff_edge_preservation,0.977808856506,0.9778088565055535,4.4653170050423796e-13
bsd100/img_027.png,cdiff_artifact_score,13.0204676287,13.020467628716222,1.6221690657403087e-11
bsd100/img_027.png,malvar_psnr,30.6288523987,30.628852398732548,3.254641001149139e-11
bsd100/img_027.png,malvar_ssim,0.978514332306,0.9785143323063015,3.0142555118573e-13
bsd100/img_027.png,malvar_delta_e,2.70829621157,2.708296211566473,3.5269565046291973e-12
bsd100/img_027.png,malvar_edge_preservation,0.988723432527,0.988723432526976,2.398081733190338e-14
bsd100/img_027.png,malvar_artifact_score,10.4914657069,10.491465706909525,9.524825372864143e-12
bsd100/img_027.png,alleysson_psnr,31.6398956744,31.639895674362627,3.737454790098127e-11
bsd100/img_027.png,alleysson_ssim,0.965832371,0.9658323710003162,3.161915174132446e-13
bsd100/img_027.png,alleysson_delta_e,2.81534973538,2.815349735382637,2.637001728089672e-12
bsd100/img_027.png,alleysson_edge_preservation,0.978285931855,0.978285931855291,2.9098945475425353e-13
bsd100/img_027.png,alleysson_artifact_score,10.3111279667,10.311127966733928,3.3926639275705384e-11
bsd100/img_027.png,menon_psnr,32.1777398278,32.17773982779908,9.237055564881302e-13
bsd100/img_027.png,menon_ssim,0.98594185348,0.985941853479753,2.469136006766348e-13
bsd100/img_027.png,menon_delta_e,2.14263598607,2.1426359860662236,3.7765346405649325e-12
bsd100/img_027.png,menon_edge_preservation,0.992665619398,0.9926656193979039,9.614531393253856e-14
bsd100/img_027.png,menon_artifact_score,8.54607053645,8.546070536449532,4.671818487622659e-13
bsd100/img_028.png,edge_density,0.09103515625,0.09103515625,0.0
bsd100/img_028.png,grad_mean,0.0577362294751,0.057736229475080794,1.9206858326015208e-14
bsd100/img_028.png,grad_std,0.06444921648,0.06444921648001185,1.1851630787873546e-14
bsd100/img_028.png,local_tex,0.0518283370088,0.05182833700884472,4.472117121068209e-14
bsd100/img_028.png,hf_energy,0.00547589192115,0.0054758919211505,4.996003610813204e-16
bsd100/img_028.png,colour_variance,112.272763408,112.27276340757011,4.298925659895758e-10
bsd100/img_028.png,sat_mean,0.615409298914,0.6154092989143051,3.05089287166993e-13
bsd100/img_028.png,sat_std,0.237681354642,0.23768135464239754,3.9754310954265293e-13
bsd100/img_028.png,noise,0.0367982860631,0.03679828606306333,3.6665115388245795e-14
bsd100/img_028.png,nearest_psnr,27.7652557947,27.765255794652504,4.74962291718839e-11
bsd100/img_028.png,nearest_ssim,0.919904876642,0.9199048766423495,3.494982081519993e-13
bsd100/img_028.png,nearest_delta_e,4.34441898138,4.344418981379295,7.043254868221993e-13
bsd100/img_028.png,nearest_edge_preservation,0.927052725183,0.9270527251826978,3.022027073029676e-13
bsd100/img_028.png,nearest_artifact_score,20.2644938362,20.264493836165983,3.4017233474514796e-11
bsd100/img_028.png,bilinear_psnr,31.4458665178,31.44586651783236,3.236166890019376e-11
bsd100/img_028.png,bilinear_ssim,0.958632128687,0.9586321286867892,2.1083135237631723e-13
bsd100/img_028.png,bilinear_delta_e,2.62295162,2.6229516200014076,1.4077627952246985e-12
bsd100/img_028.png,bilinear_edge_preservation,0.964779461057,0.9647794610567558,2.441380431150719e-13
bsd100/img_028.png,bilinear_artifact_score,11.7371880775,11.737188077532833,3.283240346263483e-11
bsd100/img_028.png,cdiff_psnr,27.4014374986,27.40143749856872,3.128164394183841e-11
bsd100/img_028.png,cdiff_ssim,0.958420642856,0.9584206428561666,1.6653345369377348e-13
bsd100/img_028.png,cdiff_delta_e,3.62242495845,3.622424958452804,2.8039792709932954e-12
bsd100/img_028.png,cdiff_edge_preservation,0.976039185936,0.9760391859364907,4.907185768843192e-13
bsd100/img_028.png,cdiff_artifact_score,11.0200192203,11.020019220342917,4.291678123991005e-11
bsd100/img_028.png,malvar_psnr,32.8405470404,32.840547040411295,1.1297629498585593e-11
bsd100/img_028.png,malvar_ssim,0.984037552015,0.9840375520145365,4.635181127810029e-13
bsd100/img_028.png,malvar_delta_e,2.05951808714,2.0595180871400913,9.14823772291129e-14
bsd100/img_028.png,malvar_edge_preservation,0.986616715924,0.9866167159240579,5.784261958297066e-14
bsd100/img_028.png,malvar_artifact_score,8.87461996882,8.874619968819925,7.460698725481052e-14
bsd100/img_028.png,alleysson_psnr,34.2163407764,34.216340776429874,2.987121661135461e-11
bsd100/img_028.png,alleysson_ssim,0.977126971248,0.9771269712479403,5.96189764223709e-14
bsd100/img_028.png,alleysson_delta_e,2.00861852619,2.0086185261915963,1.5965007094109751e-12
bsd100/img_028.png,alleysson_edge_preservation,0.979089759404,0.9790897594042492,2.4924506902834764e-13
bsd100/img_028.png,alleysson_artifact_score,8.63048134664,8.630481346640842,8.419931418757187e-13
bsd100/img_028.png,menon_psnr,34.2481031667,34.24810316667977,2.0229151687090052e-11
bsd100/img_028.png,menon_ssim,0.986398520691,0.9863985206911922,1.921796055626146e-13
bsd100/img_028.png,menon_delta_e,1.73615982286,1.7361598228618988,1.8989254613188677e-12
bsd100/img_028.png,menon_edge_preservation,0.990783619636,0.9907836196355131,4.869438186005937e-13
bsd100/img_028.png,menon_artifact_score,7.5243425985,7.524342598497208,2.7915447731174936e-12
bsd100/img_030.png,edge_density,0.164485677083,0.16448567708333334,3.3334446314370325e-13
bsd100/img_030.png,grad_mean,0.154284381466,0.15428438146594733,5.265232694284805e-14
bsd100/img_030.png,grad_std,0.15648862939,0.15648862938960859,3.9140912733159894e-13
bsd100/img_030.png,local_tex,0.129980692745,0.1299806927445665,4.3348657996489237e-13
bsd100/img_030.png,hf_energy,0.036536759804,0.03653675980404436,4.436034872767891e-14
bsd100/img_030.png,colour_variance,258.1803074,258.1803074004273,4.2729197957669385e-10
bsd100/img_030.png,sat_mean,0.390821676681,0.39082167668065454,3.4544589411211746e-13
bsd100/img_030.png,sat_std,0.324785447729,0.3247854477286732,3.2679414729841483e-13
bsd100/img_030.png,noise,0.191683338648,0.1916833386482529,2.5290880500961066e-13
bsd100/img_030.png,nearest_psnr,18.1047742232,18.104774223227313,2.731326276261825e-11
bsd100/img_030.png,nearest_ssim,0.808089006968,0.8080890069684602,4.601874437071274e-13
bsd100/img_030.png,nearest_delta_e,12.0925393713,12.092539371256908,4.3090864210171276e-11
bsd100/img_030.png,nearest_edge_preservation,0.875847691548,0.8758476915477107,2.893241202173158e-13
bsd100/img_030.png,nearest_artifact_score,55.7431526573,55.74315265733824,3.824141003860859e-11
bsd100/img_030.png,bilinear_psnr,20.5429619757,20.542961975663353,3.664624159682717e-11
bsd100/img_030.png,bilinear_ssim,0.867644190948,0.8676441909480956,9.559020242022598e-14
bsd100/img_030.png,bilinear_delta_e,9.41743893373,9.417438933726512,3.488764832582092e-12
bsd100/img_030.png,bilinear_edge_preservation,0.940560667681,0.9405606676810206,2.0650148258027912e-14
bsd100/img_030.png,bilinear_artifact_score,37.8887709137,37.88877091366937,3.063149733861792e-11
bsd100/img_030.png,cdiff_psnr,20.7483388742,20.748338874208134,8.132161610774347e-12
bsd100/img_030.png,cdiff_ssim,0.859602278286,0.8596022782859067,9.325873406851315e-14
bsd100/img_030.png,cdiff_delta_e,8.8971970898,8.897197089796636,3.3644198538240744e-12
bsd100/img_030.png,cdiff_edge_preservation,0.949065861335,0.9490658613349582,4.18554080283684e-14
bsd100/img_030.png,cdiff_artifact_score,32.6929921376,32.6929921376426,4.2597037008818006e-11
bsd100/img_030.png,malvar_psnr,23.7400041714,23.740004171396734,3.2649438708176604e-12
bsd100/img_030.png,malvar_ssim,0.951478894225,0.9514788942246459,3.540501225529624e-13
bsd100/img_030.png,malvar_delta_e,6.98897373734,6.988973737336463,3.537614645665599e-12
bsd100/img_030.png,malvar_edge_preservation,0.98151028666,0.9815102866603094,3.0941915696303113e-13
bsd100/img_030.png,malvar_artifact_score,25.2857118927,25.285711892694586,5.4143356464919634e-12
bsd100/img_030.png,alleysson_psnr,22.7406777118,22.740677711793072,6.927791673660977e-12
bsd100/img_030.png,alleysson_ssim,0.922185018184,0.922185018183796,2.0405899192610377e-13
bsd100/img_030.png,alleysson_delta_e,7.84504924167,7.8450492416722835,2.283506717049022e-12
bsd100/img_030.png,alleysson_edge_preservation,0.962487196088,0.9624871960876341,3.659295089164516e-13
bsd100/img_030.png,alleysson_artifact_score,29.2641720135,29.264172013524885,2.488320660631871e-11
bsd100/img_030.png,menon_psnr,26.0140191101,26.014019110103977,3.9754866065777605e-12
bsd100/img_030.png,menon_ssim,0.964051563339,0.9640515633394376,4.376499163072367e-13
bsd100/img_030.png,menon_delta_e,5.25523268696,5.255232686959323,6.776801342311956e-13
bsd100/img_030.png,menon_edge_preservation,0.985403260004,0.9854032600038448,1.5520917884259688e-13
bsd100/img_030.png,menon_artifact_score,19.231798906,19.231798906007235,7.23332505003782e-12
bsd100/img_037.png,edge_density,0.0155924479167,0.015592447916666667,3.333271159089435e-14
bsd100/img_037.png,grad_mean,0.0612178095929,0.06121780959292938,2.9379276789143205e-14
bsd100/img_037.png,grad_std,0.0494298795234,0.04942987952342339,2.3391011350071267e-14
bsd100/img_037.png,local_tex,0.0490543570867,0.04905435708669915,8.534839501805891e-16
bsd100/img_037.png,hf_energy,0.00585543916841,0.0058554391684063215,3.6784811308088194e-15
bsd100/img_037.png,colour_variance,3.25249637597,3.2524963759732906,3.290701044988964e-12
bsd100/img_037.png,sat_mean,0.244734729788,0.24473472978837735,3.773370504944751e-13
bsd100/img_037.png,sat_std,0.0542489885148,0.05424898851480557,5.571931804837504e-15
bsd100/img_037.png,noise,0.109515080814,0.10951508081436793,3.679417881485847e-13
bsd100/img_037.png,nearest_psnr,25.7838074918,25.78380749175888,4.11226608321158e-11
bsd100/img_037.png,nearest_ssim,0.767814123184,0.7678141231841374,1.3744561044859438e-13
bsd100/img_037.png,nearest_delta_e,7.77538445708,7.775384457083758,3.75788289375123e-12
bsd100/img_037.png,nearest_edge_preservation,0.822636421016,0.8226364210157401,2.5990321006474915e-13
bsd100/img_037.png,nearest_artifact_score,21.0540064211,21.054006421144024,4.402522790769581e-11
bsd100/img_037.png,bilinear_psnr,28.1248371494,28.124837149433127,3.312550234113587e-11
bsd100/img_037.png,bilinear_ssim,0.836381670654,0.8363816706544301,4.3010039973978564e-13
bsd100/img_037.png,bilinear_delta_e,5.49429684151,5.494296841512949,2.949640531824116e-12
bsd100/img_037.png,bilinear_edge_preservation,0.917132022774,0.9171320227743079,3.079758670310184e-13
bsd100/img_037.png,bilinear_artifact_score,14.2371464619,14.237146461933282,3.328182174300309e-11
bsd100/img_037.png,cdiff_psnr,29.6988451067,29.698845106654304,4.569500333673204e-11
bsd100/img_037.png,cdiff_ssim,0.882996156261,0.8829961562605505,4.495293026707259e-13
bsd100/img_037.png,cdiff_delta_e,4.13130541988,4.131305419879727,2.7355895326763857e-13
bsd100/img_037.png,cdiff_edge_preservation,0.922890865742,0.9228908657415884,4.1155967522854553e-13
bsd100/img_037.png,cdiff_artifact_score,12.4910316702,12.491031670195804,4.195754854663392e-12
bsd100/img_037.png,malvar_psnr,31.7958510077,31.795851007653678,4.632383365787973e-11
bsd100/img_037.png,malvar_ssim,0.959959539965,0.9599595399646577,3.423927807943983e-13
bsd100/img_037.png,malvar_delta_e,3.64319002044,3.6431900204426455,2.645439423076823e-12
bsd100/img_037.png,malvar_edge_preservation,0.974084771726,0.9740847717258578,1.4221956945448255e-13
bsd100/img_037.png,malvar_artifact_score,9.45811045663,9.458110456630152,1.5276668818842154e-13
bsd100/img_037.png,alleysson_psnr,30.4112630099,30.411263009869632,3.036859652638668e-11
bsd100/img_037.png,alleysson_ssim,0.901354547876,0.901354547875749,2.510214258677479e-13
bsd100/img_037.png,alleysson_delta_e,4.33044532417,4.330445324168773,1.227462576025573e-12
bsd100/img_037.png,alleysson_edge_preservation,0.946095338847,0.9460953388469718,2.8199664825478976e-14
bsd100/img_037.png,alleysson_artifact_score,11.0584778973,11.058477897317328,1.7328360968349443e-11
bsd100/img_037.png,menon_psnr,32.8206620147,32.82066201470867,8.668621376273222e-12
bsd100/img_037.png,menon_ssim,0.963692424995,0.9636924249945404,4.595213098923523e-13
bsd100/img_037.png,menon_delta_e,2.8782892362,2.878289236198756,1.2438938767900254e-12
bsd100/img_037.png,menon_edge_preservation,0.976666952693,0.9766669526929128,8.715250743307479e-14
bsd100/img_037.png,menon_artifact_score,8.26761290552,8.267612905517062,2.9380942123680143e-12
bsd100/img_040.png,edge_density,0.0803971354167,0.08039713541666667,3.3334446314370325e-14
bsd100/img_040.png,grad_mean,0.0490118316202,0.049011831620205684,5.68295410730002e-15
bsd100/img_040.png,grad_std,0.0800967363823,0.08009673638228432,1.5681900222830336e-14
bsd100/img_040.png,local_tex,0.0572015266618,0.057201526661755674,4.4325654258159375e-14
bsd100/img_040.png,hf_energy,0.00196940789772,0.0019694078977245226,4.522424101871536e-15
bsd100/img_040.png,colour_variance,163.552420081,163.55242008141065,4.106368578504771e-10
bsd100/img_040.png,sat_mean,0.33888522664,0.33888522664013665,1.3666845433135677e-13
bsd100/img_040.png,sat_std,0.0899298493296,0.08992984932959205,7.951972413877684e-15
bsd100/img_040.png,noise,0.0195025509681,0.01950255096810984,9.83935155574045e-15
bsd100/img_040.png,nearest_psnr,28.1096396733,28.109639673306386,6.387779194483301e-12
bsd100/img_040.png,nearest_ssim,0.951360861374,0.9513608613740832,8.315570454442422e-14
bsd100/img_040.png,nearest_delta_e,2.89507176028,2.895071760278047,1.9531043449205754e-12
bsd100/img_040.png,nearest_edge_preservation,0.944699294231,0.9446992942306232,3.7680969455777813e-13
bsd100/img_040.png,nearest_artifact_score,19.0308662044,19.030866204409136,9.137579581874888e-12
bsd100/img_040.png,bilinear_psnr,33.5140451793,33.51404517926174,3.8255620893323794e-11
bsd100/img_040.png,bilinear_ssim,0.983152771567,0.9831527715668361,1.638689184346731e-13
bsd100/img_040.png,bilinear_delta_e,1.4858435052,1.4858435051970658,2.9343194540842887e-12
bsd100/img_040.png,bilinear_edge_preservation,0.978736272059,0.9787362720594952,4.951594689828198e-13
bsd100/img_040.png,bilinear_artifact_score,8.87059773721,8.87059773721087,8.704148513061227e-13
bsd100/img_040.png,cdiff_psnr,32.8496780841,32.849678084124825,2.48263631874579e-11
bsd100/img_040.png,cdiff_ssim,0.984701759739,0.9847017597386033,3.9668268669856843e-13
bsd100/img_040.png,cdiff_delta_e,1.47935291907,1.479352919067503,2.497113626986902e-12
bsd100/img_040.png,cdiff_edge_preservation,0.99104969517,0.9910496951698187,1.8129941992128806e-13
bsd100/img_040.png,cdiff_artifact_score,8.61974314503,8.619743145025106,4.89386309254769e-12
bsd100/img_040.png,malvar_psnr,33.8298729167,33.829872916737926,3.792877123487415e-11
bsd100/img_040.png,malvar_ssim,0.988595642403,0.9885956424034082,4.0822900615467006e-13
bsd100/img_040.png,malvar_delta_e,1.29273066446,1.2927306644631744,3.1743496720082476e-12
bsd100/img_040.png,malvar_edge_preservation,0.992922686649,0.99292268664887,1.3000711618360583e-13
bsd100/img_040.png,malvar_artifact_score,6.94775660655,6.947756606551484,1.4841461393189093e-12
bsd100/img_040.png,alleysson_psnr,36.0758299854,36.07582998537851,2.148681232938543e-11
bsd100/img_040.png,alleysson_ssim,0.990700753038,0.9907007530382159,2.1593837828959295e-13
bsd100/img_040.png,alleysson_delta_e,1.15119739955,1.151197399551174,1.1739498262386405e-12
bsd100/img_040.png,alleysson_edge_preservation,0.98967149449,0.9896714944900474,4.7406523151494184e-14
bsd100/img_040.png,alleysson_artifact_score,5.91309648919,5.913096489190766,7.65609797781508e-13
bsd100/img_040.png,menon_psnr,36.7154221581,36.71542215809606,3.936406756110955e-12
bsd100/img_040.png,menon_ssim,0.992681387565,0.9926813875648723,1.27675647831893e-13
bsd100/img_040.png,menon_delta_e,1.08900494321,1.089004943213942,3.941957871234081e-12
bsd100/img_040.png,menon_edge_preservation,0.996403984886,0.9964039848855945,4.055644708955697e-13
bsd100/img_040.png,menon_artifact_score,5.17756481499,5.177564814986335,3.665512338102417e-12
bsd100/img_043.png,edge_density,0.0582356770833,0.05823567708333333,3.3334446314370325e-14
bsd100/img_043.png,grad_mean,0.0627979823261,0.06279798232610882,8.826273045769994e-15
bsd100/img_043.png,grad_std,0.100349491807,0.1003494918067742,2.257916076331412e-13
bsd100/img_043.png,local_tex,0.0587975840965,0.05879758409653693,3.692879335659427e-14
bsd100/img_043.png,hf_energy,0.00871451052431,0.008714510524312814,2.813721478034381e-15
bsd100/img_043.png,colour_variance,47.4427461909,47.442746190867496,3.2507330161024584e-11
bsd100/img_043.png,sat_mean,0.200691375004,0.20069137500424172,2.417233080365122e-13
bsd100/img_043.png,sat_std,0.127528277832,0.12752827783248954,4.895528427084628e-13
bsd100/img_043.png,noise,0.0439692089115,0.04396920891146895,3.105155021998485e-14
bsd100/img_043.png,nearest_psnr,24.584848289,24.584848289000323,3.232969447708456e-13
bsd100/img_043.png,nearest_ssim,0.908529298843,0.9085292988428659,1.341149413747189e-13
bsd100/img_043.png,nearest_delta_e,5.49888180068,5.498881800683786,3.785416424761934e-12
bsd100/img_043.png,nearest_edge_preservation,0.921217765294,0.9212177652940143,1.432187701766452e-14
bsd100/img_043.png,nearest_artifact_score,29.8580284261,29.858028426119162,1.9163337583449902e-11
bsd100/img_043.png,bilinear_psnr,27.1973110501,27.1973110501139,1.389821591146756e-11
bsd100/img_043.png,bilinear_ssim,0.929095175854,0.9290951758540188,1.8762769116165146e-14
bsd100/img_043.png,bilinear_delta_e,3.96076606726,3.9607660672552356,4.764189043271472e-12
bsd100/img_043.png,bilinear_edge_preservation,0.96184446542,0.9618444654197821,2.1793677973391823e-13
bsd100/img_043.png,bilinear_artifact_score,20.7115656588,20.711565658762893,3.710809437507123e-11
bsd100/img_043.png,cdiff_psnr,28.3878487461,28.38784874608552,1.4480860954790842e-11
bsd100/img_043.png,cdiff_ssim,0.948025308619,0.9480253086192167,2.1671553440683056e-13
bsd100/img_043.png,cdiff_delta_e,3.2140790377,3.2140790376994977,5.022648963404208e-13
bsd100/img_043.png,cdiff_edge_preservation,0.978033351662,0.978033351661912,8.804068585277491e-14
bsd100/img_043.png,cdiff_artifact_score,17.9993854698,17.99938546979822,1.779909553079051e-12
bsd100/img_043.png,malvar_psnr,29.8896059103,29.889605910344734,4.473577064345591e-11
bsd100/img_043.png,malvar_ssim,0.973228343466,0.9732283434664951,4.951594689828198e-13
bsd100/img_043.png,malvar_delta_e,2.8353236077,2.8353236076954036,4.596323321948148e-12
bsd100/img_043.png,malvar_edge_preservation,0.988177259974,0.9881772599744495,4.495293026707259e-13
bsd100/img_043.png,malvar_artifact_score,14.2718627471,14.2718627470705,2.949995803191996e-11
bsd100/img_043.png,alleysson_psnr,29.3345104953,29.334510495261938,3.806377435466857e-11
bsd100/img_043.png,alleysson_ssim,0.95469730516,0.9546973051595135,4.864997293907436e-13
bsd100/img_043.png,alleysson_delta_e,3.25021831146,3.250218311457454,2.545963440070409e-12
bsd100/img_043.png,alleysson_edge_preservation,0.973781293852,0.9737812938520689,6.894484982922222e-14
bsd100/img_043.png,alleysson_artifact_score,15.9561616897,15.95616168967932,2.0680346324297716e-11
bsd100/img_043.png,menon_psnr,33.4482079147,33.448207914711524,1.1525003174028825e-11
bsd100/img_043.png,menon_ssim,0.988522865604,0.9885228656043041,3.040900864448304e-13
bsd100/img_043.png,menon_delta_e,1.86932223489,1.869322234888106,1.894040480010517e-12
bsd100/img_043.png,menon_edge_preservation,0.99522708888,0.9952270888795672,4.32764934998886e-13
bsd100/img_043.png,menon_artifact_score,9.53518583173,9.535185831731278,1.27720056752878e-12
bsd100/img_047.png,edge_density,0.148626302083,0.14862630208333333,3.333167075680876e-13
bsd100/img_047.png,grad_mean,0.120998267244,0.12099826724362178,3.782113511263674e-13
bsd100/img_047.png,grad_std,0.135477689592,0.1354776895915796,4.203859482743155e-13
bsd100/img_047.png,local_tex,0.106259237042,0.10625923704249587,4.958811139488262e-13
bsd100/img_047.png,hf_energy,0.0137847327648,0.013784732764827503,2.75023059881363e-14
bsd100/img_047.png,colour_variance,140.889503847,140.88950384748384,4.838511813431978e-10
bsd100/img_047.png,sat_mean,0.379906423509,0.37990642350857967,4.2033043712308427e-13
bsd100/img_047.png,sat_std,0.195364744419,0.19536474441864635,3.536615444943436e-13
bsd100/img_047.png,noise,0.111628512497,0.11162851249690056,9.943434964299058e-14
bsd100/img_047.png,nearest_psnr,20.9673426947,20.967342694701777,1.7763568394002505e-12
bsd100/img_047.png,nearest_ssim,0.843697938393,0.8436979383930304,3.042011087472929e-14
bsd100/img_047.png,nearest_delta_e,9.40305216598,9.403052165976321,3.678835014397919e-12
bsd100/img_047.png,nearest_edge_preservation,0.899119522186,0.8991195221855153,4.847233725513433e-13
bsd100/img_047.png,nearest_artifact_score,43.4079867778,43.40798677776233,3.766587042264291e-11
bsd100/img_047.png,bilinear_psnr,23.9826086129,23.982608612861263,3.873523723996186e-11
bsd100/img_047.png,bilinear_ssim,0.911658159386,0.9116581593861136,1.1357581541915351e-13
bsd100/img_047.png,bilinear_delta_e,6.52420959992,6.524209599916836,3.163691530971846e-12
bsd100/img_047.png,bilinear_edge_preservation,0.956437796022,0.9564377960224656,4.656275365277907e-13
bsd100/img_047.png,bilinear_artifact_score,27.3965720985,27.396572098509388,9.389822253069724e-12
bsd100/img_047.png,cdiff_psnr,25.3836743816,25.383674381602425,2.426503442620742e-12
bsd100/img_047.png,cdiff_ssim,0.935632805689,0.9356328056890435,4.3520742565306136e-14
bsd100/img_047.png,cdiff_delta_e,5.38178846725,5.38178846724879,1.2096990076315706e-12
bsd100/img_047.png,cdiff_edge_preservation,0.970569164851,0.9705691648514223,4.2232883856740955e-13
bsd100/img_047.png,cdiff_artifact_score,23.4118422561,23.41184225610897,8.967049325292464e-12
bsd100/img_047.png,malvar_psnr,26.7283676202,26.72836762016853,3.146993776681484e-11
bsd100/img_047.png,malvar_ssim,0.967132855174,0.9671328551741666,1.6653345369377348e-13
bsd100/img_047.png,malvar_delta_e,4.70099120442,4.700991204422923,2.922995179233112e-12
bsd100/img_047.png,malvar_edge_preservation,0.98624442987,0.9862444298696004,3.9968028886505635e-13
bsd100/img_047.png,malvar_artifact_score,18.2944199934,18.29441999338416,1.5837997580092633e-11
bsd100/img_047.png,alleysson_psnr,26.5186162521,26.518616252141932,4.193267955088231e-11
bsd100/img_047.png,alleysson_ssim,0.948729463074,0.9487294630744502,4.50195436485501e-13
bsd100/img_047.png,alleysson_delta_e,5.18758102931,5.187581029307976,2.0241586184965854e-12
bsd100/img_047.png,alleysson_edge_preservation,0.97156438006,0.9715643800603658,3.658184866139891e-13
bsd100/img_047.png,alleysson_artifact_score,20.0424156042,20.042415604247253,4.725464464172546e-11
bsd100/img_047.png,menon_psnr,28.716717455,28.716717454985485,1.4516388091578847e-11
bsd100/img_047.png,menon_ssim,0.973542754572,0.973542754571834,1.659783421814609e-13
bsd100/img_047.png,menon_delta_e,3.71054989553,3.7105498955327394,2.7395863355650363e-12
bsd100/img_047.png,menon_edge_preservation,0.991282088015,0.9912820880147337,2.6623148130511254e-13
bsd100/img_047.png,menon_artifact_score,14.2732387878,14.273238787840466,4.0465408801537706e-11
bsd100/img_048.png,edge_density,0.18052734375,0.18052734375,0.0
bsd100/img_048.png,grad_mean,0.101139735498,0.10113973549802571,2.5715540807880188e-14
bsd100/img_048.png,grad_std,0.085236628228,0.0852366282280236,2.3592239273284576e-14
bsd100/img_048.png,local_tex,0.0854296976329,0.0854296976328586,4.1397441030710525e-14
bsd100/img_048.png,hf_energy,0.0105948521285,0.010594852128463781,3.6219291454919755e-14
bsd100/img_048.png,colour_variance,89.9081923499,89.90819234988523,1.4779288903810084e-11
bsd100/img_048.png,sat_mean,0.27359783296,0.2735978329599196,8.043565813409259e-14
bsd100/img_048.png,sat_std,0.0817605421407,0.08176054214070481,4.8155923693116165e-15
bsd100/img_048.png,noise,0.0907399435416,0.0907399435416423,4.2299497238218464e-14
bsd100/img_048.png,nearest_psnr,23.318855227,23.318855226950078,4.992273261450464e-11
bsd100/img_048.png,nearest_ssim,0.871340357501,0.871340357500635,3.6504133049675147e-13
bsd100/img_048.png,nearest_delta_e,8.88492903076,8.88492903075826,1.7408297026122455e-12
bsd100/img_048.png,nearest_edge_preservation,0.882568094086,0.8825680940861794,1.794120407794253e-13
bsd100/img_048.png,nearest_artifact_score,30.7300122985,30.73001229849323,6.771472271793755e-12
bsd100/img_048.png,bilinear_psnr,26.5038953816,26.503895381614853,1.4853895891064894e-11
bsd100/img_048.png,bilinear_ssim,0.924187832377,0.9241878323767916,2.0838886172214188e-13
bsd100/img_048.png,bilinear_delta_e,5.66220613673,5.662206136725613,4.3867132148989185e-12
bsd100/img_048.png,bilinear_edge_preservation,0.943579802259,0.9435798022585884,4.1155967522854553e-13
bsd100/img_048.png,bilinear_artifact_score,18.58121277,18.5812127700016,1.5987211554602254e-12
bsd100/img_048.png,cdiff_psnr,27.7722360526,27.772236052562956,3.704414552885282e-11
bsd100/img_048.png,cdiff_ssim,0.945455906484,0.9454559064838316,1.6842083283563625e-13
bsd100/img_048.png,cdiff_delta_e,4.54827190003,4.548271900032321,2.3216983890961274e-12
bsd100/img_048.png,cdiff_edge_preservation,0.961667187417,0.9616671874168219,1.780797731498751e-13
bsd100/img_048.png,cdiff_artifact_score,16.3632055417,16.36320554169739,2.611244553918368e-12
bsd100/img_048.png,malvar_psnr,29.0464202422,29.0464202421712,2.879829708035686e-11
bsd100/img_048.png,malvar_ssim,0.976148007265,0.976148007265267,2.6700863742235015e-13
bsd100/img_048.png,malvar_delta_e,3.95423574139,3.954235741386348,3.651745572597065e-12
bsd100/img_048.png,malvar_edge_preservation,0.982553275188,0.9825532751877127,2.87214696470528e-13
bsd100/img_048.png,malvar_artifact_score,13.2054013775,13.205401377476967,2.3032242779663648e-11
bsd100/img_048.png,alleysson_psnr,29.1409449309,29.140944930908887,8.885336910680053e-12
bsd100/img_048.png,alleysson_ssim,0.958820919796,0.9588209197961278,1.2778667013435552e-13
bsd100/img_048.png,alleysson_delta_e,4.27362655292,4.273626552915469,4.530598118890339e-12
bsd100/img_048.png,alleysson_edge_preservation,0.967500166874,0.9675001668743738,3.738120923912902e-13
bsd100/img_048.png,alleysson_artifact_score,13.5211624628,13.521162462776946,2.305355906173645e-11
bsd100/img_048.png,menon_psnr,31.1072509222,31.107250922227742,2.7743141117753112e-11
bsd100/img_048.png,menon_ssim,0.980719009562,0.9807190095624218,4.2177372705509697e-13
bsd100/img_048.png,menon_delta_e,3.23489946125,3.2348994612455546,4.445332990599127e-12
bsd100/img_048.png,menon_edge_preservation,0.987985993068,0.9879859930678214,1.7852386235972517e-13
bsd100/img_048.png,menon_artifact_score,10.325457092,10.325457091989316,1.0684786388992507e-11
bsd100/img_054.png,edge_density,0.0433203125,0.0433203125,0.0
bsd100/img_054.png,grad_mean,0.0382265386947,0.03822653869466182,3.818473315320148e-14
bsd100/img_054.png,grad_std,0.0398469302272,0.039846930227156345,4.3652581549480374e-14
bsd100/img_054.png,local_tex,0.0342164176916,0.034216417691615396,1.539740557277014e-14
bsd100/img_054.png,hf_energy,0.00116092137423,0.0011609213742308842,8.842752918791774e-16
bsd100/img_054.png,colour_variance,313.781738999,313.7817389988211,1.7894308257382363e-10
bsd100/img_054.png,sat_mean,0.36829074716,0.3682907471600968,9.681144774731365e-14
bsd100/img_054.png,sat_std,0.1406699126,0.1406699126001396,1.3961054534661343e-13
bsd100/img_054.png,noise,0.0347536637841,0.034753663784148646,4.864858516029358e-14
bsd100/img_054.png,nearest_psnr,30.8546127684,30.854612768448664,4.866507197220926e-11
bsd100/img_054.png,nearest_ssim,0.919891521545,0.9198915215452194,2.1938006966593093e-13
bsd100/img_054.png,nearest_delta_e,2.54940170827,2.549401708270111,1.1102230246251565e-13
bsd100/img_054.png,nearest_edge_preservation,0.914234402359,0.9142344023588039,1.9606538614880265e-13
bsd100/img_054.png,nearest_artifact_score,12.6550134834,12.65501348335242,4.757971794333571e-11
bsd100/img_054.png,bilinear_psnr,33.6259118257,33.625911825716464,1.646327518756152e-11
bsd100/img_054.png,bilinear_ssim,0.94247003051,0.9424700305101699,1.6986412276764895e-13
bsd100/img_054.png,bilinear_delta_e,1.63830637466,1.6383063746591173,8.826273045769994e-13
bsd100/img_054.png,bilinear_edge_preservation,0.952336808572,0.95233680857224,2.4003021792395884e-13
bsd100/img_054.png,bilinear_artifact_score,8.05718635971,8.057186359706812,3.1885605267234496e-12
bsd100/img_054.png,cdiff_psnr,33.7140275449,33.714027544895096,4.902744876744691e-12
bsd100/img_054.png,cdiff_ssim,0.958166119817,0.9581661198167906,2.0938806244430452e-13
bsd100/img_054.png,cdiff_delta_e,1.4166694684,1.416669468395907,4.093170247188027e-12
bsd100/img_054.png,cdiff_edge_preservation,0.968978635726,0.9689786357255556,4.4431125445498765e-13
bsd100/img_054.png,cdiff_artifact_score,7.66516824056,7.66516824055953,4.698463840213662e-13
bsd100/img_054.png,malvar_psnr,33.9687472262,33.96874722622062,2.0619950191758107e-11
bsd100/img_054.png,malvar_ssim,0.979266494029,0.9792664940287352,2.6478819137309983e-13
bsd100/img_054.png,malvar_delta_e,1.29808337224,1.2980833722370604,2.9396485246024895e-12
bsd100/img_054.png,malvar_edge_preservation,0.979871800841,0.9798718008405238,4.761746552617296e-13
bsd100/img_054.png,malvar_artifact_score,6.59165210563,6.591652105630473,4.733990977001667e-13
bsd100/img_054.png,alleysson_psnr,35.9748328681,35.97483286805545,4.455102953215828e-11
bsd100/img_054.png,alleysson_ssim,0.964607589759,0.964607589758548,4.5197179332490123e-13
bsd100/img_054.png,alleysson_delta_e,1.30129318874,1.3012931887350105,4.9895643172703785e-12
bsd100/img_054.png,alleysson_edge_preservation,0.969352224809,0.9693522248092163,2.16382467499443e-13
bsd100/img_054.png,alleysson_artifact_score,6.22522594004,6.225225940040767,7.673861546209082e-13
bsd100/img_054.png,menon_psnr,33.7095266694,33.70952666942112,2.112443553414778e-11
bsd100/img_054.png,menon_ssim,0.981613542264,0.9816135422639386,6.139533326177116e-14
bsd100/img_054.png,menon_delta_e,1.11884386665,1.118843866652235,2.23487894857044e-12
bsd100/img_054.png,menon_edge_preservation,0.983660556812,0.9836605568116448,3.552713678800501e-13
bsd100/img_054.png,menon_artifact_score,6.36474259527,6.36474259527199,1.9895196601282805e-12
bsd100/img_061.png,edge_density,0.0421484375,0.0421484375,0.0
bsd100/img_061.png,grad_mean,0.0357712007754,0.03577120077539223,7.764622278472189e-15
bsd100/img_061.png,grad_std,0.0481366084223,0.048136608422276524,2.3474278076918154e-14
bsd100/img_061.png,local_tex,0.0328818233845,0.03288182338449855,1.4502288259166107e-15
bsd100/img_061.png,hf_energy,0.00323246680607,0.0032324668060710444,1.0443035325380379e-15
bsd100/img_061.png,colour_variance,229.806792771,229.80679277070433,2.956710432044929e-10
bsd100/img_061.png,sat_mean,0.387027586976,0.3870275869761746,1.7463808177353712e-13
bsd100/img_061.png,sat_std,0.150728368092,0.15072836809172208,2.779165786392923e-13
bsd100/img_061.png,noise,0.0256953972937,0.02569539729366849,3.1509517217642724e-14
bsd100/img_061.png,nearest_psnr,29.7442299089,29.74422990886373,3.6269653946874314e-11
bsd100/img_061.png,nearest_ssim,0.910095700012,0.910095700011944,5.6066262743570405e-14
bsd100/img_061.png,nearest_delta_e,3.1948154814,3.194815481400586,5.857536677922326e-13
bsd100/img_061.png,nearest_edge_preservation,0.909659329494,0.9096593294935413,4.586331314726522e-13
bsd100/img_061.png,nearest_artifact_score,16.9779283848,16.977928384804365,4.366285111245816e-12
bsd100/img_061.png,bilinear_psnr,32.4713977751,32.47139777508817,1.1830536550405668e-11
bsd100/img_061.png,bilinear_ssim,0.941435276788,0.9414352767881419,1.41886502547095e-13
bsd100/img_061.png,bilinear_delta_e,2.15306301877,2.1530630187723876,2.3874235921539366e-12
bsd100/img_061.png,bilinear_edge_preservation,0.958236477976,0.958236477976352,3.5205172110863714e-13
bsd100/img_061.png,bilinear_artifact_score,11.1938375822,11.193837582244026,4.402522790769581e-11
bsd100/img_061.png,cdiff_psnr,33.0842325285,33.08423252849034,9.663381206337363e-12
bsd100/img_061.png,cdiff_ssim,0.956249476411,0.956249476411446,4.459765889919254e-13
bsd100/img_061.png,cdiff_delta_e,1.83396597497,1.8339659749665584,3.4414693317330602e-12
bsd100/img_061.png,cdiff_edge_preservation,0.969097578286,0.9690975782855625,4.374278717023117e-13
bsd100/img_061.png,cdiff_artifact_score,10.4042818089,10.404281808852652,4.7348791554213676e-11
bsd100/img_061.png,malvar_psnr,33.261543447,33.261543447000236,2.3447910280083306e-13
bsd100/img_061.png,malvar_ssim,0.976720423358,0.9767204233583721,3.7203573555188996e-13
bsd100/img_061.png,malvar_delta_e,1.74682729101,1.7468272910054163,4.583666779467421e-12
bsd100/img_061.png,malvar_edge_preservation,0.980943666817,0.9809436668167748,2.2515322939398175e-13
bsd100/img_061.png,malvar_artifact_score,9.10575109171,9.10575109170965,3.4994229736184934e-13
bsd100/img_061.png,alleysson_psnr,34.5818423462,34.58184234620341,3.410605131648481e-12
bsd100/img_061.png,alleysson_ssim,0.963644755977,0.9636447559770186,1.865174681370263e-14
bsd100/img_061.png,alleysson_delta_e,1.75821131849,1.758211318493161,3.1610269957127457e-12
bsd100/img_061.png,alleysson_edge_preservation,0.973322157715,0.9733221577146345,3.6548541970660153e-13
bsd100/img_061.png,alleysson_artifact_score,8.77336617915,8.773366179146317,3.6841640849161195e-12
bsd100/img_061.png,menon_psnr,33.7741167867,33.7741167866833,1.6697754290362354e-11
bsd100/img_061.png,menon_ssim,0.978189217001,0.9781892170006581,3.419486915845482e-13
bsd100/img_061.png,menon_delta_e,1.535914296,1.5359142959971788,2.821298750177448e-12
bsd100/img_061.png,menon_edge_preservation,0.983830227686,0.9838302276855687,4.313216450668733e-13
bsd100/img_061.png,menon_artifact_score,8.49294588378,8.492945883784788,4.789058039023075e-12
bsd100/img_081.png,edge_density,0.0244401041667,0.024440104166666667,3.3334446314370325e-14
bsd100/img_081.png,grad_mean,0.0220194184408,0.022019418440833907,3.390690506144267e-14
bsd100/img_081.png,grad_std,0.0477079435594,0.047707943559384354,1.56472057533108e-14
bsd100/img_081.png,local_tex,0.022462449077,0.022462449077044432,4.443320711366994e-14
bsd100/img_081.png,hf_energy,0.00472775949527,0.004727759495271304,1.3036446921965705e-15
bsd100/img_081.png,colour_variance,254.476077012,254.4760770117599,2.4007817955862265e-10
bsd100/img_081.png,sat_mean,0.523485177276,0.5234851772757709,2.290390099801698e-13
bsd100/img_081.png,sat_std,0.228733480738,0.22873348073771707,2.8294033782572114e-13
bsd100/img_081.png,noise,0.0115108302337,0.011510830233697651,2.348815586472597e-15
bsd100/img_081.png,nearest_psnr,32.444416482,32.44441648198243,1.7571721855347278e-11
bsd100/img_081.png,nearest_ssim,0.960411245809,0.960411245809207,2.070565940925917e-13
bsd100/img_081.png,nearest_delta_e,1.68849908422,1.6884990842152954,4.704681089151563e-12
bsd100/img_081.png,nearest_edge_preservation,0.945176197149,0.9451761971489321,6.794564910705958e-14
bsd100/img_081.png,nearest_artifact_score,11.4615598945,11.461559894494293,5.707434524993005e-12
bsd100/img_081.png,bilinear_psnr,36.245241983,36.2452419830431,4.310152235120768e-11
bsd100/img_081.png,bilinear_ssim,0.98007888453,0.9800788845298496,1.504352198367087e-13
bsd100/img_081.png,bilinear_delta_e,1.06048956636,1.0604895663598972,1.028066520802895e-13
bsd100/img_081.png,bilinear_edge_preservation,0.972684239681,0.9726842396812032,2.0317081350640365e-13
bsd100/img_081.png,bilinear_artifact_score,6.63630015527,6.636300155268515,1.4850343177386094e-12
bsd100/img_081.png,cdiff_psnr,35.9407708791,35.940770879145134,4.5133674575481564e-11
bsd100/img_081.png,cdiff_ssim,0.9824865355,0.9824865355004038,4.0378811405616943e-13
bsd100/img_081.png,cdiff_delta_e,1.07161378982,1.0716137898236746,3.674616166904343e-12
bsd100/img_081.png,cdiff_edge_preservation,0.982473815136,0.9824738151364917,4.917177776064818e-13
bsd100/img_081.png,cdiff_artifact_score,6.79187641162,6.791876411618471,1.5285550603039155e-12
bsd100/img_081.png,malvar_psnr,36.2541809412,36.25418094117599,2.4009239041333785e-11
bsd100/img_081.png,malvar_ssim,0.985933812945,0.98593381294493,7.005507285384738e-14
bsd100/img_081.png,malvar_delta_e,0.981028220925,0.9810282209250006,6.661338147750939e-16
bsd100/img_081.png,malvar_edge_preservation,0.986659071144,0.9866590711439274,7.260858581048524e-14
bsd100/img_081.png,malvar_artifact_score,6.33428517844,6.334285178441345,1.3447021274259896e-12
bsd100/img_081.png,alleysson_psnr,37.60833376,37.60833376002923,2.923172814917052e-11
bsd100/img_081.png,alleysson_ssim,0.986425095165,0.9864250951646503,3.497202527569243e-13
bsd100/img_081.png,alleysson_delta_e,0.91174816063,0.91174816063046,4.600764214046649e-13
bsd100/img_081.png,alleysson_edge_preservation,0.982628278184,0.9826282781844062,4.062306047103448e-13
bsd100/img_081.png,alleysson_artifact_score,5.76772520814,5.767725208142018,2.0179413695586845e-12
bsd100/img_081.png,menon_psnr,36.6704270135,36.67042701345758,4.242650675223558e-11
bsd100/img_081.png,menon_ssim,0.986017871268,0.9860178712679956,4.440892098500626e-15
bsd100/img_081.png,menon_delta_e,0.931910574729,0.9319105747292815,2.815525590449397e-13
bsd100/img_081.png,menon_edge_preservation,0.989713705957,0.9897137059565887,4.113376306236205e-13
bsd100/img_081.png,menon_artifact_score,6.01437726176,6.014377261760281,2.8066438062523957e-13
bsd100/img_095.png,edge_density,0.108444010417,0.10844401041666667,3.3333058535589544e-13
bsd100/img_095.png,grad_mean,0.0776912747701,0.07769127477013066,3.0656033267462135e-14
bsd100/img_095.png,grad_std,0.112179208776,0.1121792087758602,1.3980483437592284e-13
bsd100/img_095.png,local_tex,0.0727921281906,0.07279212819062188,2.1871393585115584e-14
bsd100/img_095.png,hf_energy,0.0119647479521,0.011964747952070677,2.932376563791195e-14
bsd100/img_095.png,colour_variance,755.301036355,755.3010363546337,3.6629899113904685e-10
bsd100/img_095.png,sat_mean,0.444126018985,0.4441260189848262,1.7380541450506826e-13
bsd100/img_095.png,sat_std,0.272356803441,0.2723568034407219,2.781108676686017e-13
bsd100/img_095.png,noise,0.038555383334,0.03855538333400563,5.627442956068762e-15
bsd100/img_095.png,nearest_psnr,23.4253852013,23.425385201326968,2.6968649535774603e-11
bsd100/img_095.png,nearest_ssim,0.883926513354,0.8839265133541951,1.9517720772910252e-13
bsd100/img_095.png,nearest_delta_e,5.87413548676,5.874135486755802,4.198419389922492e-12
bsd100/img_095.png,nearest_edge_preservation,0.882048472371,0.8820484723710711,7.105427357601002e-14
bsd100/img_095.png,nearest_artifact_score,35.458476777,35.45847677702165,2.1650237158610253e-11
bsd100/img_095.png,bilinear_psnr,26.7076456713,26.70764567131257,1.2569500995596172e-11
bsd100/img_095.png,bilinear_ssim,0.946827741797,0.9468277417974226,4.225508831723346e-13
bsd100/img_095.png,bilinear_delta_e,3.97018290063,3.9701829006324565,2.4567015088905464e-12
bsd100/img_095.png,bilinear_edge_preservation,0.960778515233,0.9607785152331417,1.417754802446325e-13
bsd100/img_095.png,bilinear_artifact_score,21.1910029309,21.1910029308924,7.602807272633072e-12
bsd100/img_095.png,cdiff_psnr,27.3823111473,27.382311147278944,2.105693397425057e-11
bsd100/img_095.png,cdiff_ssim,0.957481025966,0.9574810259655075,4.924949337237194e-13
bsd100/img_095.png,cdiff_delta_e,3.53327024288,3.5332702428836114,3.611333454500709e-12
bsd100/img_095.png,cdiff_edge_preservation,0.977193745868,0.9771937458677803,2.1971313657331848e-13
bsd100/img_095.png,cdiff_artifact_score,18.638006395,18.63800639504466,4.4657610942522297e-11
bsd100/img_095.png,malvar_psnr,28.1285194494,28.128519449407598,7.599254558954271e-12
bsd100/img_095.png,malvar_ssim,0.956898293392,0.9568982933921317,1.3167245072054357e-13
bsd100/img_095.png,malvar_delta_e,3.14993097774,3.149930977738391,1.6089352072867769e-12
bsd100/img_095.png,malvar_edge_preservation,0.985969967074,0.9859699670739971,2.886579864025407e-15
bsd100/img_095.png,malvar_artifact_score,15.4990579377,15.499057937658545,4.1454839561083645e-11
bsd100/img_095.png,alleysson_psnr,28.7892881995,28.78928819949117,8.828493491819245e-12
bsd100/img_095.png,alleysson_ssim,0.963008379848,0.9630083798481129,1.1290968160437842e-13
bsd100/img_095.png,alleysson_delta_e,3.35485019386,3.3548501938633577,3.3577585156763234e-12
bsd100/img_095.png,alleysson_edge_preservation,0.974910259457,0.9749102594574945,4.944933351680447e-13
bsd100/img_095.png,alleysson_artifact_score,15.5812399535,15.581239953530911,3.091038536240376e-11
bsd100/img_095.png,menon_psnr,30.7843189944,30.784318994439325,3.9324987710642745e-11
bsd100/img_095.png,menon_ssim,0.964070294565,0.9640702945653641,3.6404212977458883e-13
bsd100/img_095.png,menon_delta_e,2.34956743325,2.349567433247727,2.2728485760126205e-12
bsd100/img_095.png,menon_edge_preservation,0.991347009485,0.9913470094851919,1.9195756095768957e-13
bsd100/img_095.png,menon_artifact_score,11.1255583608,11.125558360790425,9.57456336436735e-12
urban100/img_001.png,edge_density,0.106354328416,0.10635432841614907,1.490751966315429e-13
urban100/img_001.png,grad_mean,0.081665214819,0.08166521481901122,1.1213252548714081e-14
urban100/img_001.png,grad_std,0.111647741146,0.11164774114645393,4.5392856140580307e-13
urban100/img_001.png,local_tex,0.0879120968215,0.08791209682150417,4.163336342344337e-15
urban100/img_001.png,hf_energy,0.00925457419463,0.009254574194634222,4.2223169405275485e-15
urban100/img_001.png,colour_variance,17.5009735996,17.50097359964183,4.18296508541971e-11
urban100/img_001.png,sat_mean,0.164820482405,0.1648204824050866,8.659739592076221e-14
urban100/img_001.png,sat_std,0.158560650602,0.1585606506019628,3.7192471324942744e-14
urban100/img_001.png,noise,0.0571609545764,0.0571609545763893,1.0699774399824946e-14
urban100/img_001.png,nearest_psnr,23.6857951544,23.68579515439447,5.53157519789238e-12
urban100/img_001.png,nearest_ssim,0.878920725052,0.8789207250524895,4.894973315572315e-13
urban100/img_001.png,nearest_delta_e,6.83441999857,6.834419998568723,1.27631238910908e-12
urban100/img_001.png,nearest_edge_preservation,0.904789699419,0.9047896994185738,4.262146191535976e-13
urban100/img_001.png,nearest_artifact_score,35.594942746,35.594942745968694,3.1306512937590014e-11
urban100/img_001.png,bilinear_psnr,27.1750012146,27.17500121459121,8.79296635503124e-12
urban100/img_001.png,bilinear_ssim,0.941027078648,0.9410270786484978,4.978240042419202e-13
urban100/img_001.png,bilinear_delta_e,4.69501715523,4.695017155230163,1.6253665080512292e-13
urban100/img_001.png,bilinear_edge_preservation,0.963930094381,0.963930094381417,4.169997680492088e-13
urban100/img_001.png,bilinear_artifact_score,21.3693364755,21.369336475528314,2.8315128020039992e-11
urban100/img_001.png,cdiff_psnr,28.8850251673,28.885025167261585,3.8415493008869817e-11
urban100/img_001.png,cdiff_ssim,0.955804086039,0.95580408603934,3.3995029014022293e-13
urban100/img_001.png,cdiff_delta_e,3.96026853377,3.960268533771872,1.872280108727864e-12
urban100/img_001.png,cdiff_edge_preservation,0.97934126961,0.979341269610303,3.029798634202052e-13
urban100/img_001.png,cdiff_artifact_score,17.0814988797,17.081498879651292,4.870770453635487e-11
urban100/img_001.png,malvar_psnr,30.4773035998,30.477303599827582,2.758326900220709e-11
urban100/img_001.png,malvar_ssim,0.979072308441,0.9790723084413111,3.1108449149996886e-13
urban100/img_001.png,malvar_delta_e,3.40412316232,3.404123162322799,2.7990942896849447e-12
urban100/img_001.png,malvar_edge_preservation,0.990899469775,0.9908994697745536,4.4642067820177544e-13
urban100/img_001.png,malvar_artifact_score,13.2083786672,13.208378667223602,2.3602453325111128e-11
urban100/img_001.png,alleysson_psnr,29.7220126562,29.72201265620673,6.728839707648149e-12
urban100/img_001.png,alleysson_ssim,0.968911392785,0.9689113927845012,4.988232049640828e-13
urban100/img_001.png,alleysson_delta_e,3.86006827426,3.8600682742641714,4.171329948121638e-12
urban100/img_001.png,alleysson_edge_preservation,0.980863829638,0.9808638296375498,4.50195436485501e-13
urban100/img_001.png,alleysson_artifact_score,15.4635780522,15.463578052205385,5.384137580222159e-12
urban100/img_001.png,menon_psnr,33.2551669558,33.25516695580909,9.087841590371681e-12
urban100/img_001.png,menon_ssim,0.986703295085,0.9867032950849581,4.18554080283684e-14
urban100/img_001.png,menon_delta_e,2.60665957218,2.60665957218057,5.702105454474804e-13
urban100/img_001.png,menon_edge_preservation,0.994718954851,0.9947189548512082,2.0816681711721685e-13
urban100/img_001.png,menon_artifact_score,9.05129362867,9.051293628674152,4.151345933678385e-12
urban100/img_004.png,edge_density,0.209231387868,0.20923138786764706,3.5293989952833726e-13
urban100/img_004.png,grad_mean,0.175552713194,0.17555271319417,1.700029006457271e-13
urban100/img_004.png,grad_std,0.170647089034,0.1706470890336799,3.2010505357504826e-13
urban100/img_004.png,local_tex,0.154947388177,0.1549473881770693,6.93056723122254e-14
urban100/img_004.png,hf_energy,0.0267544870135,0.026754487013526587,2.6586371992820546e-14
urban100/img_004.png,colour_variance,34.0828328404,34.08283284041323,1.3230305739853065e-11
urban100/img_004.png,sat_mean,0.225191880928,0.22519188092835515,3.551603455775876e-13
urban100/img_004.png,sat_std,0.278567689393,0.278567689393193,1.9301227283108346e-13
urban100/img_004.png,noise,0.109790318429,0.10979031842883794,1.6206480601965723e-13
urban100/img_004.png,nearest_psnr,19.5391887488,19.539188748758093,4.190781055513071e-11
urban100/img_004.png,nearest_ssim,0.901702673049,0.9017026730493654,3.65374397404139e-13
urban100/img_004.png,nearest_delta_e,10.7827086119,10.782708611933563,3.356248612362833e-11
urban100/img_004.png,nearest_edge_preservation,0.917813616912,0.9178136169121539,1.538769112130467e-13
urban100/img_004.png,nearest_artifact_score,47.8392032246,47.83920322455329,4.6711079448868986e-11
urban100/img_004.png,bilinear_psnr,22.017279294,22.017279294043988,4.3986148057229e-11
urban100/img_004.png,bilinear_ssim,0.933763383819,0.9337633838190263,2.631228568361621e-14
urban100/img_004.png,bilinear_delta_e,8.19906412364,8.199064123638067,1.9326762412674725e-12
urban100/img_004.png,bilinear_edge_preservation,0.944301939631,0.944301939631055,5.5067062021407764e-14
urban100/img_004.png,bilinear_artifact_score,33.5215227979,33.521522797857976,4.2021497392852325e-11
urban100/img_004.png,cdiff_psnr,24.4038468058,24.403846805767515,3.248601387895178e-11
urban100/img_004.png,cdiff_ssim,0.953013097536,0.9530130975359987,1.3322676295501878e-15
urban100/img_004.png,cdiff_delta_e,6.76296683579,6.762966835794973,4.972910971901001e-12
urban100/img_004.png,cdiff_edge_preservation,0.970858553176,0.9708585531757535,2.4646951146678475e-13
urban100/img_004.png,cdiff_artifact_score,26.504114496,26.504114496046043,4.604316927725449e-11
urban100/img_004.png,malvar_psnr,26.745034654,26.74503465403015,3.014832827830105e-11
urban100/img_004.png,malvar_ssim,0.981212416992,0.9812124169915198,4.801714581503802e-13
urban100/img_004.png,malvar_delta_e,5.42795825701,5.427958257005669,4.331646152877511e-12
urban100/img_004.png,malvar_edge_preservation,0.989099032359,0.9890990323591382,1.38222766565832e-13
urban100/img_004.png,malvar_artifact_score,17.6157828524,17.61578285238776,1.2239098623467726e-11
urban100/img_004.png,alleysson_psnr,24.7375889112,24.73758891120187,1.8687273950490635e-12
urban100/img_004.png,alleysson_ssim,0.963751578681,0.9637515786808809,1.191269305422793e-13
urban100/img_004.png,alleysson_delta_e,6.42863555195,6.428635551948805,1.1954881529163686e-12
urban100/img_004.png,alleysson_edge_preservation,0.967452893129,0.967452893128939,6.09512440519211e-14
urban100/img_004.png,alleysson_artifact_score,24.8681319788,24.868131978808023,8.022027486731531e-12
urban100/img_004.png,menon_psnr,29.7598413069,29.759841306902473,2.4726887204451486e-12
urban100/img_004.png,menon_ssim,0.990376282326,0.9903762823264894,4.894973315572315e-13
urban100/img_004.png,menon_delta_e,3.97358622282,3.973586222815592,4.4080294969717215e-12
urban100/img_004.png,menon_edge_preservation,0.995090991733,0.9950909917329465,5.3512749786932545e-14
urban100/img_004.png,menon_artifact_score,11.6213191908,11.621319190797806,2.1938006966593093e-12
urban100/img_008.png,edge_density,0.201219678759,0.20121967875874125,2.5873747588889273e-13
urban100/img_008.png,grad_mean,0.149248222678,0.14924822267764068,3.593236819199319e-13
urban100/img_008.png,grad_std,0.138063847485,0.1380638474850909,9.089951014118469e-14
urban100/img_008.png,local_tex,0.125899576436,0.12589957643616476,1.6475709685437323e-13
urban100/img_008.png,hf_energy,0.0195187914623,0.01951879146227037,2.963254641663582e-14
urban100/img_008.png,colour_variance,224.132830678,224.13283067793603,6.397726792783942e-11
urban100/img_008.png,sat_mean,0.285200945321,0.28520094532095674,4.324318680914985e-14
urban100/img_008.png,sat_std,0.163862065818,0.16386206581846538,4.6537773634725e-13
urban100/img_008.png,noise,0.15960341169,0.15960341169037728,3.772815393432438e-13
urban100/img_008.png,nearest_psnr,19.4712943707,19.471294370711163,1.1162626378791174e-11
urban100/img_008.png,nearest_ssim,0.818418773698,0.8184187736981857,1.857403120197887e-13
urban100/img_008.png,nearest_delta_e,11.7010472178,11.70104721778505,1.4949819160392508e-11
urban100/img_008.png,nearest_edge_preservation,0.874028619662,0.8740286196621477,1.4777068457760834e-13
urban100/img_008.png,nearest_artifact_score,48.9851395996,48.98513959962405,2.405187160547939e-11
urban100/img_008.png,bilinear_psnr,22.4470455763,22.447045576251103,4.8895998361331294e-11
urban100/img_008.png,bilinear_ssim,0.900442479606,0.9004424796058201,1.7985612998927536e-13
urban100/img_008.png,bilinear_delta_e,8.3340796034,8.334079603398663,1.3358203432289883e-12
urban100/img_008.png,bilinear_edge_preservation,0.945669578092,0.9456695780916218,3.7825298448979083e-13
urban100/img_008.png,bilinear_artifact_score,29.0879947351,29.087994735062594,3.7406522324090474e-11
urban100/img_008.png,cdiff_psnr,23.5038394251,23.50383942506599,3.4010128047157195e-11
urban100/img_008.png,cdiff_ssim,0.927197800497,0.9271978004971532,1.532107773982716e-13
urban100/img_008.png,cdiff_delta_e,7.30189786143,7.3018978614340835,4.083844373781176e-12
urban100/img_008.png,cdiff_edge_preservation,0.955019362406,0.9550193624064719,4.718447854656915e-13
urban100/img_008.png,cdiff_artifact_score,25.0069849012,25.00698490116808,3.19175796903437e-11
urban100/img_008.png,malvar_psnr,25.0289706391,25.028970639098688,1.3109513474773848e-12
urban100/img_008.png,malvar_ssim,0.967034360268,0.9670343602680365,3.6415315207705135e-14
urban100/img_008.png,malvar_delta_e,6.1922813829,6.192281382899964,3.6415315207705135e-14
urban100/img_008.png,malvar_edge_preservation,0.981545467964,0.981545467963822,1.779687508474126e-13
urban100/img_008.png,malvar_artifact_score,20.0703638481,20.07036384807921,2.079048044834053e-11
urban100/img_008.png,alleysson_psnr,25.0681869626,25.06818696255239,4.760991600960551e-11
urban100/img_008.png,alleysson_ssim,0.947453180006,0.9474531800064976,4.976019596369952e-13
urban100/img_008.png,alleysson_delta_e,6.61534197541,6.615341975413696,3.696598582791921e-12
urban100/img_008.png,alleysson_edge_preservation,0.968142977253,0.9681429772525364,4.636291350834654e-13
urban100/img_008.png,alleysson_artifact_score,21.2451187421,21.245118742128707,2.8705926524708048e-11
urban100/img_008.png,menon_psnr,26.4070048714,26.407004871393625,6.377121053446899e-12
urban100/img_008.png,menon_ssim,0.975008111834,0.975008111833788,2.120525977034049e-13
urban100/img_008.png,menon_delta_e,4.79459947472,4.794599474719143,8.570921750106208e-13
urban100/img_008.png,menon_edge_preservation,0.98408340317,0.9840834031696407,3.5926817076870066e-13
urban100/img_008.png,menon_artifact_score,16.2287033178,16.228703317799454,5.471179065352771e-13
urban100/img_012.png,edge_density,0.147720336914,0.1477203369140625,6.250555628639631e-14
urban100/img_012.png,grad_mean,0.100414498355,0.10041449835472849,2.7151891845988985e-13
urban100/img_012.png,grad_std,0.115368258991,0.11536825899132604,3.2603086896898503e-13
urban100/img_012.png,local_tex,0.0941156616146,0.09411566161460438,4.385380947269368e-15
urban100/img_012.png,hf_energy,0.0150200949958,0.015020094995760142,3.985700658404312e-14
urban100/img_012.png,colour_variance,1090.66509398,1090.6650939812214,1.2214513844810426e-09
urban100/img_012.png,sat_mean,0.539495959261,0.5394959592614545,4.545253062815391e-13
urban100/img_012.png,sat_std,0.229872911087,0.2298729110867895,2.1049828546892968e-13
urban100/img_012.png,noise,0.0867735729188,0.08677357291884376,4.375666495803898e-14
urban100/img_012.png,nearest_psnr,21.4189654269,21.418965426900066,6.394884621840902e-14
urban100/img_012.png,nearest_ssim,0.8631303204,0.8631303204002212,2.2115642650533118e-13
urban100/img_012.png,nearest_delta_e,7.58394146116,7.5839414611646205,4.6203041392800515e-12
urban100/img_012.png,nearest_edge_preservation,0.893010634222,0.8930106342220413,4.1300296516055823e-14
urban100/img_012.png,nearest_artifact_score,37.8134710634,37.81347106337792,2.2083668227423914e-11
urban100/img_012.png,bilinear_psnr,24.5182317922,24.51823179222604,2.603783855192887e-11
urban100/img_012.png,bilinear_ssim,0.914787043767,0.9147870437667266,2.7344793096517606e-13
urban100/img_012.png,bilinear_delta_e,5.12462998081,5.124629980808204,1.7958967646336532e-12
urban100/img_012.png,bilinear_edge_preservation,0.950668575413,0.950668575413123,1.2301271112846734e-13
urban100/img_012.png,bilinear_artifact_score,23.2623683173,23.262368317279837,2.0165202840871643e-11
urban100/img_012.png,cdiff_psnr,24.9265755595,24.926575559479637,2.036415480688447e-11
urban100/img_012.png,cdiff_ssim,0.932979138949,0.932979138949251,2.510214258677479e-13
urban100/img_012.png,cdiff_delta_e,4.90140737222,4.9014073722213665,1.3669065879184927e-12
urban100/img_012.png,cdiff_edge_preservation,0.963825028399,0.9638250283985164,4.836131495267182e-13
urban100/img_012.png,cdiff_artifact_score,22.403189857,22.403189857021836,2.183497826990788e-11
urban100/img_012.png,malvar_psnr,23.5262618008,23.52626180081562,1.5621282045685803e-11
urban100/img_012.png,malvar_ssim,0.903269645592,0.9032696455923932,3.9324099532223045e-13
urban100/img_012.png,malvar_delta_e,4.99667828499,4.996678284993952,3.952393967665557e-12
urban100/img_012.png,malvar_edge_preservation,0.94043434726,0.9404343472602866,2.866595849582154e-13
urban100/img_012.png,malvar_artifact_score,24.2431386529,24.243138652866172,3.382893964953837e-11
urban100/img_012.png,alleysson_psnr,24.4410036803,24.441003680295218,4.781952611665474e-12
urban100/img_012.png,alleysson_ssim,0.932611883536,0.9326118835364952,4.951594689828198e-13
urban100/img_012.png,alleysson_delta_e,4.9658103659,4.965810365900259,2.5845992013273644e-13
urban100/img_012.png,alleysson_edge_preservation,0.952244595532,0.9522445955320805,8.049116928532385e-14
urban100/img_012.png,alleysson_artifact_score,21.9035246842,21.903524684239038,3.9037217902659904e-11
urban100/img_012.png,menon_psnr,23.4432426204,23.443242620416513,1.6513013179064728e-11
urban100/img_012.png,menon_ssim,0.901740872727,0.9017408727274852,4.851674617611934e-13
urban100/img_012.png,menon_delta_e,4.84326952323,4.843269523231462,1.4619416788264061e-12
urban100/img_012.png,menon_edge_preservation,0.940656975336,0.9406569753356984,3.0164759579065503e-13
urban100/img_012.png,menon_artifact_score,24.4472871574,24.447287157360364,3.963762651437719e-11
urban100/img_013.png,edge_density,0.146054892016,0.14605489201570682,2.931821452278882e-13
urban100/img_013.png,grad_mean,0.0933158656541,0.09331586565406284,3.71508379615193e-14
urban100/img_013.png,grad_std,0.111582424028,0.11158242402774499,2.5501822875639846e-13
urban100/img_013.png,local_tex,0.0967743412788,0.09677434127877951,2.0483614804334138e-14
urban100/img_013.png,hf_energy,0.00615397905671,0.006153979056706005,3.995068165174587e-15
urban100/img_013.png,colour_variance,747.211783795,747.2117837945598,4.4019543565809727e-10
urban100/img_013.png,sat_mean,0.752817312576,0.752817312575545,4.550804177938517e-13
urban100/img_013.png,sat_std,0.178483984484,0.17848398448405678,5.678790770957676e-14
urban100/img_013.png,noise,0.0617834720123,0.06178347201225281,4.719141744047306e-14
urban100/img_013.png,nearest_psnr,24.0422920211,24.042292021110246,1.0246026249660645e-11
urban100/img_013.png,nearest_ssim,0.906317593089,0.906317593089478,4.780620344035924e-13
urban100/img_013.png,nearest_delta_e,4.88274593781,4.882745937812142,2.141398169897002e-12
urban100/img_013.png,nearest_edge_preservation,0.918587177754,0.9185871777540323,3.2307490016592055e-14
urban100/img_013.png,nearest_artifact_score,30.149355816,30.149355815960593,3.9406700125255156e-11
urban100/img_013.png,bilinear_psnr,27.4740805533,27.47408055327795,2.204814109063591e-11
urban100/img_013.png,bilinear_ssim,0.947282973042,0.9472829730417113,2.887690087050032e-13
urban100/img_013.png,bilinear_delta_e,3.20862464288,3.208624642883499,3.4989788844086434e-12
urban100/img_013.png,bilinear_edge_preservation,0.957698341688,0.9576983416882158,2.1571633368466792e-13
urban100/img_013.png,bilinear_artifact_score,18.3614625451,18.361462545062988,3.701217110574362e-11
urban100/img_013.png,cdiff_psnr,26.4678094407,26.467809440680917,1.908517788251629e-11
urban100/img_013.png,cdiff_ssim,0.956729779138,0.9567297791375874,4.1255887595070817e-13
urban100/img_013.png,cdiff_delta_e,3.62686291217,3.6268629121677827,2.2173374247813626e-12
urban100/img_013.png,cdiff_edge_preservation,0.968349733198,0.9683497331984668,4.668487818548783e-13
urban100/img_013.png,cdiff_artifact_score,18.8654317233,18.86543172327283,2.716760150178743e-11
urban100/img_013.png,malvar_psnr,25.0615154472,25.061515447233436,3.3434588431191514e-11
urban100/img_013.png,malvar_ssim,0.935680440189,0.9356804401887887,2.112754415861673e-13
urban100/img_013.png,malvar_delta_e,3.73408022154,3.7340802215424698,2.4695800959761982e-12
urban100/img_013.png,malvar_edge_preservation,0.965345180144,0.9653451801436606,3.3939517862791035e-13
urban100/img_013.png,malvar_artifact_score,19.8060700187,19.806070018697298,2.7036151095671812e-12
urban100/img_013.png,alleysson_psnr,26.3012993788,26.30129937879685,3.1512570330960443e-12
urban100/img_013.png,alleysson_ssim,0.957872682057,0.9578726820571388,1.3877787807814457e-13
urban100/img_013.png,alleysson_delta_e,3.69345760694,3.6934576069446883,4.688249788387111e-12
urban100/img_013.png,alleysson_edge_preservation,0.966398172597,0.9663981725973184,3.184119634624949e-13
urban100/img_013.png,alleysson_artifact_score,18.2746897441,18.27468974413697,3.696953854159801e-11
urban100/img_013.png,menon_psnr,24.4150789008,24.415078900805838,5.837108574269223e-12
urban100/img_013.png,menon_ssim,0.928571753509,0.9285717535090555,5.551115123125783e-14
urban100/img_013.png,menon_delta_e,4.07592878796,4.075928787955713,4.286349053472804e-12
urban100/img_013.png,menon_edge_preservation,0.963051278464,0.9630512784635953,4.0467629247586956e-13
urban100/img_013.png,menon_artifact_score,21.3336090361,21.333609036054206,4.579447931973846e-11
urban100/img_014.png,edge_density,0.129280090332,0.12928009033203125,3.1252778143198157e-14
urban100/img_014.png,grad_mean,0.0852708201772,0.0852708201772385,3.84969833788773e-14
urban100/img_014.png,grad_std,0.106164903649,0.10616490364910562,1.0562384300527583e-13
urban100/img_014.png,local_tex,0.0795168429639,0.07951684296388865,1.1352030426792226e-14
urban100/img_014.png,hf_energy,0.0085413553978,0.008541355397803662,3.66200125778704e-15
urban100/img_014.png,colour_variance,127.140998208,127.14099820791657,8.343192803295096e-11
urban100/img_014.png,sat_mean,0.175185198699,0.17518519869941132,4.1130987504800487e-13
urban100/img_014.png,sat_std,0.118921800542,0.11892180054227106,2.7106095146223197e-13
urban100/img_014.png,noise,0.0584191836711,0.05841918367110586,5.856426454897701e-15
urban100/img_014.png,nearest_psnr,22.9534774463,22.953477446295388,4.61142235508305e-12
urban100/img_014.png,nearest_ssim,0.867391692027,0.8673916920272591,2.5912605394751154e-13
urban100/img_014.png,nearest_delta_e,7.73736118753,7.737361187531466,1.4654943925052066e-12
urban100/img_014.png,nearest_edge_preservation,0.880845113766,0.8808451137663708,3.7070346792233977e-13
urban100/img_014.png,nearest_artifact_score,35.9325908131,35.9325908131089,8.903100479074055e-12
urban100/img_014.png,bilinear_psnr,25.698131452,25.698131452048493,4.849454171562684e-11
urban100/img_014.png,bilinear_ssim,0.925469210799,0.9254692107989596,4.04121180963557e-14
urban100/img_014.png,bilinear_delta_e,5.67768233772,5.6776823377245975,4.597211500367848e-12
urban100/img_014.png,bilinear_edge_preservation,0.95434823485,0.9543482348495164,4.836131495267182e-13
urban100/img_014.png,bilinear_artifact_score,23.351913797,23.351913796953333,4.666844688472338e-11
urban100/img_014.png,cdiff_psnr,26.6247894307,26.62478943068449,1.5511147921642987e-11
urban100/img_014.png,cdiff_ssim,0.943565094374,0.9435650943738921,1.0791367799356522e-13
urban100/img_014.png,cdiff_delta_e,5.18530235836,5.185302358361263,1.262989712813578e-12
urban100/img_014.png,cdiff_edge_preservation,0.968955960657,0.968955960656547,4.5297099404706387e-13
urban100/img_014.png,cdiff_artifact_score,20.7506874551,20.75068745513444,3.4440006402292056e-11
urban100/img_014.png,malvar_psnr,27.947848793,27.94784879296604,3.395683734197519e-11
urban100/img_014.png,malvar_ssim,0.969691552049,0.9696915520490386,3.852473895449293e-14
urban100/img_014.png,malvar_delta_e,4.59619432005,4.596194320050142,1.412203687323199e-13
urban100/img_014.png,malvar_edge_preservation,0.985372178105,0.9853721781052446,2.44582132324922e-13
urban100/img_014.png,malvar_artifact_score,16.9271523646,16.92715236459118,8.821388064461644e-12
urban100/img_014.png,alleysson_psnr,27.7434843681,27.743484368060482,3.951683424929797e-11
urban100/img_014.png,alleysson_ssim,0.953980429541,0.9539804295410351,3.5083047578154947e-14
urban100/img_014.png,alleysson_delta_e,4.94702993888,4.94702993887558,4.420463994847523e-12
urban100/img_014.png,alleysson_edge_preservation,0.971194221216,0.9711942212164367,4.367617378875366e-13
urban100/img_014.png,alleysson_artifact_score,18.1477287736,18.147728773574503,2.5497826072751195e-11
urban100/img_014.png,menon_psnr,31.7499392691,31.749939269079462,2.0538237777145696e-11
urban100/img_014.png,menon_ssim,0.984671897613,0.9846718976126563,3.4372504842394846e-13
urban100/img_014.png,menon_delta_e,3.10015543722,3.1001554372176954,2.304822999121825e-12
urban100/img_014.png,menon_edge_preservation,0.993274708282,0.9932747082822995,2.994271497414047e-13
urban100/img_014.png,menon_artifact_score,10.5392237236,10.539223723555391,4.460787295101909e-11
urban100/img_017.png,edge_density,0.135403495303,0.1354034953034682,4.682088050600441e-13
urban100/img_017.png,grad_mean,0.108895660925,0.10889566092536448,3.644862189844389e-13
urban100/img_017.png,grad_std,0.1274263909,0.12742639089972327,2.7672308888782027e-13
urban100/img_017.png,local_tex,0.10220000094,0.10220000094027216,2.7217117448685713e-13
urban100/img_017.png,hf_energy,0.0083468068121,0.00834680681210322,3.219646771412954e-15
urban100/img_017.png,colour_variance,915.609322787,915.6093227869108,8.924416761146858e-11
urban100/img_017.png,sat_mean,0.47497851336,0.4749785133598548,1.4521717162097048e-13
urban100/img_017.png,sat_std,0.212570078883,0.21257007888344517,4.4517167729907214e-13
urban100/img_017.png,noise,0.0525212347896,0.05252123478962104,2.1038726316646716e-14
urban100/img_017.png,nearest_psnr,22.1686842228,22.168684222767673,3.232614176340576e-11
urban100/img_017.png,nearest_ssim,0.900896375995,0.9008963759951796,1.795230630818878e-13
urban100/img_017.png,nearest_delta_e,7.07005321437,7.070053214368041,1.958433415438776e-12
urban100/img_017.png,nearest_edge_preservation,0.901778049659,0.9017780496591646,1.6464607455191071e-13
urban100/img_017.png,nearest_artifact_score,37.664145111,37.66414511103413,3.412736759855761e-11
urban100/img_017.png,bilinear_psnr,25.5390652303,25.539065230319775,1.9774404336203588e-11
urban100/img_017.png,bilinear_ssim,0.951772819031,0.9517728190310468,4.6851411639181606e-14
urban100/img_017.png,bilinear_delta_e,4.47065160942,4.470651609420902,9.023892744153272e-13
urban100/img_017.png,bilinear_edge_preservation,0.961543743641,0.9615437436412182,2.1815882433884326e-13
urban100/img_017.png,bilinear_artifact_score,21.6979477002,21.697947700245223,4.5222492417451576e-11
urban100/img_017.png,cdiff_psnr,26.4055955421,26.405595542053725,4.6274095666376525e-11
urban100/img_017.png,cdiff_ssim,0.964702406569,0.9647024065692597,2.596811654598241e-13
urban100/img_017.png,cdiff_delta_e,4.16103139482,4.161031394822964,2.963851386539318e-12
urban100/img_017.png,cdiff_edge_preservation,0.980150849543,0.9801508495426373,3.6270986214503864e-13
urban100/img_017.png,cdiff_artifact_score,20.1303716909,20.130371690930637,3.063860276597552e-11
urban100/img_017.png,malvar_psnr,26.7472415213,26.74724152127613,2.3870683207860566e-11
urban100/img_017.png,malvar_ssim,0.968599731697,0.9685997316973703,3.703704010149522e-13
urban100/img_017.png,malvar_delta_e,3.6437992773,3.6437992772996095,3.9035441545820504e-13
urban100/img_017.png,malvar_edge_preservation,0.979625186753,0.979625186753495,4.949374243778948e-13
urban100/img_017.png,malvar_artifact_score,17.7496818151,17.74968181506612,3.388223035472038e-11
urban100/img_017.png,alleysson_psnr,27.2823094607,27.282309460700358,3.588240815588506e-13
urban100/img_017.png,alleysson_ssim,0.968471767182,0.9684717671819331,6.694644838489694e-14
urban100/img_017.png,alleysson_delta_e,3.89223783449,3.892237834486932,3.0677682616442326e-12
urban100/img_017.png,alleysson_edge_preservation,0.972175993309,0.9721759933093201,3.2018832030189515e-13
urban100/img_017.png,alleysson_artifact_score,17.3814351024,17.381435102406964,6.963318810448982e-12
urban100/img_017.png,menon_psnr,28.0616037995,28.061603799531067,3.106848112111038e-11
urban100/img_017.png,menon_ssim,0.979194672174,0.9791946721744279,4.2787995369053533e-13
urban100/img_017.png,menon_delta_e,2.94712142731,2.9471214273075987,2.4011903576592886e-12
urban100/img_017.png,menon_edge_preservation,0.987798486532,0.9877984865318882,1.1179945857975326e-13
urban100/img_017.png,menon_artifact_score,14.4100333481,14.410033348133748,3.374722723492596e-11
urban100/img_019.png,edge_density,0.136868106618,0.13686810661764706,3.5293989952833726e-13
urban100/img_019.png,grad_mean,0.15276667456,0.15276667456012377,1.2376211167008933e-13
urban100/img_019.png,grad_std,0.206794410501,0.20679441050128844,2.8843594179761567e-13
urban100/img_019.png,local_tex,0.140484744893,0.14048474489288634,1.136590821460004e-13
urban100/img_019.png,hf_energy,0.0296739181725,0.029673918172452157,4.784367346744034e-14
urban100/img_019.png,colour_variance,185.325845635,185.32584563478136,2.1864821064809803e-10
urban100/img_019.png,sat_mean,0.308725667384,0.3087256673842438,2.438049762076844e-13
urban100/img_019.png,sat_std,0.286756260591,0.28675626059110176,1.017519402068956e-13
urban100/img_019.png,noise,0.0587067086791,0.058706708679078554,2.1448121056977243e-14
urban100/img_019.png,nearest_psnr,17.867637793,17.867637793017536,1.7536194718559273e-11
urban100/img_019.png,nearest_ssim,0.860689395251,0.8606893952512775,2.7755575615628914e-13
urban100/img_019.png,nearest_delta_e,10.4580229117,10.458022911679691,2.0309087744863064e-11
urban100/img_019.png,nearest_edge_preservation,0.889619294514,0.8896192945140303,3.0309088572266774e-14
urban100/img_019.png,nearest_artifact_score,66.2163085042,66.21630850419811,1.8900436771218665e-12
urban100/img_019.png,bilinear_psnr,20.659725034,20.659725034015707,1.5706547173977015e-11
urban100/img_019.png,bilinear_ssim,0.91913589742,0.9191358974204252,4.2521541843143495e-13
urban100/img_019.png,bilinear_delta_e,8.4187260322,8.418726032201059,1.0587086762825493e-12
urban100/img_019.png,bilinear_edge_preservation,0.953291580361,0.9532915803606872,3.128608483393691e-13
urban100/img_019.png,bilinear_artifact_score,43.882518466,43.882518466002224,2.2239987629291136e-12
urban100/img_019.png,cdiff_psnr,22.3795839097,22.37958390966092,3.907985046680551e-11
urban100/img_019.png,cdiff_ssim,0.937116095664,0.9371160956637259,2.7411406477995115e-13
urban100/img_019.png,cdiff_delta_e,7.32892008635,7.328920086350173,1.7319479184152442e-13
urban100/img_019.png,cdiff_edge_preservation,0.966365210047,0.9663652100470208,2.0761170560490427e-14
urban100/img_019.png,cdiff_artifact_score,37.7418110004,37.741811000379286,2.071232074740692e-11
urban100/img_019.png,malvar_psnr,23.7303390823,23.730339082267704,3.2294167340296553e-11
urban100/img_019.png,malvar_ssim,0.964725304981,0.9647253049809839,1.609823385706477e-14
urban100/img_019.png,malvar_delta_e,6.66350556652,6.6635055665201355,1.3589129821411916e-13
urban100/img_019.png,malvar_edge_preservation,0.98672562888,0.9867256288796974,3.0264679651281767e-13
urban100/img_019.png,malvar_artifact_score,29.6877864256,29.68778642563246,3.246114488320018e-11
urban100/img_019.png,alleysson_psnr,22.8418891923,22.841889192291127,8.871126055964851e-12
urban100/img_019.png,alleysson_ssim,0.950131448036,0.9501314480360663,6.628031457012185e-14
urban100/img_019.png,alleysson_delta_e,7.29377340608,7.29377340607685,3.149480676256644e-12
urban100/img_019.png,alleysson_edge_preservation,0.973662195364,0.9736621953644934,4.933831121434196e-13
urban100/img_019.png,alleysson_artifact_score,34.9250312113,34.92503121133742,3.7417180465126876e-11
urban100/img_019.png,menon_psnr,24.7643536666,24.76435366664485,4.4849457481177524e-11
urban100/img_019.png,menon_ssim,0.969956365619,0.9699563656185034,4.966027589148325e-13
urban100/img_019.png,menon_delta_e,5.94626748472,5.94626748471927,7.300826609935029e-13
urban100/img_019.png,menon_edge_preservation,0.989334992168,0.9893349921675336,4.664046926450283e-13
urban100/img_019.png,menon_artifact_score,23.9259806522,23.925980652206277,6.277645070440485e-12
urban100/img_021.png,edge_density,0.0928391959799,0.0928391959798995,4.996003610813204e-16
urban100/img_021.png,grad_mean,0.0746405208853,0.07464052088528449,1.5515366769136563e-14
urban100/img_021.png,grad_std,0.0974215513314,0.09742155133143572,3.572142581731441e-14
urban100/img_021.png,local_tex,0.0757477808862,0.0757477808862483,4.829470157119431e-14
urban100/img_021.png,hf_energy,0.00313115464963,0.003131154649631882,1.8817412905658415e-15
urban100/img_021.png,colour_variance,158.142118323,158.14211832312907,1.290629825234646e-10
urban100/img_021.png,sat_mean,0.157047848253,0.15704784825345613,4.561351296672456e-13
urban100/img_021.png,sat_std,0.232276261703,0.23227626170304566,4.565792188770956e-14
urban100/img_021.png,noise,0.0558290011207,0.05582900112065385,4.6150583354886976e-14
urban100/img_021.png,nearest_psnr,25.5607095623,25.560709562310386,1.0384582083133864e-11
urban100/img_021.png,nearest_ssim,0.908282254691,0.9082822546910841,8.415490526658687e-14
urban100/img_021.png,nearest_delta_e,6.04121748601,6.041217486008691,1.3091749906379846e-12
urban100/img_021.png,nearest_edge_preservation,0.933731371287,0.9337313712871216,1.2156942119645464e-13
urban100/img_021.png,nearest_artifact_score,26.2280669488,26.228066948841427,4.142819420849264e-11
urban100/img_021.png,bilinear_psnr,29.3468312303,29.346831230328426,2.8425262144082808e-11
urban100/img_021.png,bilinear_ssim,0.942251948178,0.9422519481777646,2.353672812205332e-13
urban100/img_021.png,bilinear_delta_e,3.95029550344,3.9502955034411222,1.1222134332911082e-12
urban100/img_021.png,bilinear_edge_preservation,0.969525341327,0.9695253413267457,2.5424107263916085e-13
urban100/img_021.png,bilinear_artifact_score,15.3020661662,15.302066166221724,2.1724844145865063e-11
urban100/img_021.png,cdiff_psnr,31.107100214,31.10710021396111,3.888800392815028e-11
urban100/img_021.png,cdiff_ssim,0.957372519211,0.9573725192106912,3.0875302314825603e-13
urban100/img_021.png,cdiff_delta_e,3.34562213524,3.3456221352417583,1.7581491817963979e-12
urban100/img_021.png,cdiff_edge_preservation,0.985522570819,0.985522570819045,4.5075054799781356e-14
urban100/img_021.png,cdiff_artifact_score,12.6725070226,12.672507022594859,5.140776693224325e-12
urban100/img_021.png,malvar_psnr,31.9598193716,31.95981937161583,1.5830892152735032e-11
urban100/img_021.png,malvar_ssim,0.978364613495,0.9783646134951413,1.412203687323199e-13
urban100/img_021.png,malvar_delta_e,2.80748315589,2.8074831558938342,3.834266237845441e-12
urban100/img_021.png,malvar_edge_preservation,0.989606346542,0.9896063465416335,3.6648462042876417e-13
urban100/img_021.png,malvar_artifact_score,9.45684966249,9.456849662488814,1.1866063687193673e-12
urban100/img_021.png,alleysson_psnr,31.8894843336,31.889484333647488,4.7489123744526296e-11
urban100/img_021.png,alleysson_ssim,0.966701353268,0.9667013532675096,4.903855099769316e-13
urban100/img_021.png,alleysson_delta_e,3.16140017985,3.1614001798496068,3.934630399271555e-13
urban100/img_021.png,alleysson_edge_preservation,0.982545072565,0.9825450725648446,1.5543122344752192e-13
urban100/img_021.png,alleysson_artifact_score,10.7341324773,10.7341324772904,9.599432360118954e-12
urban100/img_021.png,menon_psnr,34.4749674581,34.47496745811103,1.1034728686354356e-11
urban100/img_021.png,menon_ssim,0.985800205984,0.9858002059844371,4.3709480479492413e-13
urban100/img_021.png,menon_delta_e,1.87629769021,1.8762976902098187,1.8118839761882555e-13
urban100/img_021.png,menon_edge_preservation,0.99371833761,0.9937183376099065,9.348077867343818e-14
urban100/img_021.png,menon_artifact_score,6.31298344208,6.312983442082597,2.597033699203166e-12
urban100/img_026.png,edge_density,0.0414276123047,0.0414276123046875,1.2496947920936918e-14
urban100/img_026.png,grad_mean,0.0502122801219,0.05021228012191211,1.2108369862318114e-14
urban100/img_026.png,grad_std,0.0925314760898,0.09253147608976954,3.046174423815273e-14
urban100/img_026.png,local_tex,0.0505279117525,0.05052791175249047,9.534040223968532e-15
urban100/img_026.png,hf_energy,0.00348532108508,0.0034853210850800316,3.165870343657673e-17
urban100/img_026.png,colour_variance,66.2803207251,66.28032072509697,3.0269120543380268e-12
urban100/img_026.png,sat_mean,0.222356649908,0.22235664990804516,4.515832152662824e-14
urban100/img_026.png,sat_std,0.114799946951,0.11479994695083681,1.631889068320902e-13
urban100/img_026.png,noise,0.0327237863774,0.032723786377437315,3.7317371415213074e-14
urban100/img_026.png,nearest_psnr,25.8042580099,25.804258009893786,6.213696224222076e-12
urban100/img_026.png,nearest_ssim,0.870652848265,0.8706528482651696,1.6964207816272392e-13
urban100/img_026.png,nearest_delta_e,4.43744453786,4.437444537857396,2.604139126560767e-12
urban100/img_026.png,nearest_edge_preservation,0.892464381658,0.892464381657537,4.629630012686903e-13
urban100/img_026.png,nearest_artifact_score,26.8594345585,26.859434558455746,4.425260158313904e-11
urban100/img_026.png,bilinear_psnr,28.5937952064,28.593795206426545,2.6545876607997343e-11
urban100/img_026.png,bilinear_ssim,0.943032950944,0.9430329509439785,2.142730437526552e-14
urban100/img_026.png,bilinear_delta_e,3.12808124991,3.128081249910522,5.218048215738236e-13
urban100/img_026.png,bilinear_edge_preservation,0.959469381417,0.9594693814169719,2.808864252301646e-14
urban100/img_026.png,bilinear_artifact_score,17.1314483597,17.131448359737217,3.721822849911405e-11
urban100/img_026.png,cdiff_psnr,29.5893417277,29.589341727745882,4.588329716170847e-11
urban100/img_026.png,cdiff_ssim,0.955696885305,0.9556968853050346,3.4638958368304884e-14
urban100/img_026.png,cdiff_delta_e,2.91579889477,2.9157988947664424,3.5575986601088516e-12
urban100/img_026.png,cdiff_edge_preservation,0.979944488022,0.9799444880216859,3.140820936664568e-13
urban100/img_026.png,cdiff_artifact_score,14.9934686893,14.993468689293623,6.377121053446899e-12
urban100/img_026.png,malvar_psnr,30.9043741125,30.90437411251216,1.2157386208855314e-11
urban100/img_026.png,malvar_ssim,0.967211815202,0.9672118152022325,2.325917236589703e-13
urban100/img_026.png,malvar_delta_e,2.6305236008,2.6305236007969484,3.0517810500896303e-12
urban100/img_026.png,malvar_edge_preservation,0.987329151649,0.9873291516493733,3.7325698087897763e-13
urban100/img_026.png,malvar_artifact_score,12.2892631829,12.289263182920457,2.0458301719372685e-11
urban100/img_026.png,alleysson_psnr,30.4244876952,30.4244876951845,1.5500489780606586e-11
urban100/img_026.png,alleysson_ssim,0.960555418727,0.9605554187271074,1.0735856648125264e-13
urban100/img_026.png,alleysson_delta_e,2.83991469342,2.8399146934174606,2.539302101922658e-12
urban100/img_026.png,alleysson_edge_preservation,0.970576957193,0.9705769571934197,4.197753256107717e-13
urban100/img_026.png,alleysson_artifact_score,13.6468551246,13.646855124620652,2.0651924614867312e-11
urban100/img_026.png,menon_psnr,33.833398041,33.83339804103348,3.348077370901592e-11
urban100/img_026.png,menon_ssim,0.978193807513,0.9781938075130177,1.765254609153999e-14
urban100/img_026.png,menon_delta_e,2.03636892051,2.0363689205068956,3.1046276660617877e-12
urban100/img_026.png,menon_edge_preservation,0.993106550935,0.9931065509348656,1.3444800828210646e-13
urban100/img_026.png,menon_artifact_score,7.9963812843,7.996381284300275,2.753353101070388e-13
urban100/img_034.png,edge_density,0.108846507353,0.10884650735294117,5.882794251732548e-14
urban100/img_034.png,grad_mean,0.117039220544,0.11703922054383893,1.6106560529749459e-13
urban100/img_034.png,grad_std,0.14071125294,0.140711252940443,4.430067424010531e-13
urban100/img_034.png,local_tex,0.110171287175,0.11017128717545255,4.5255466041282943e-13
urban100/img_034.png,hf_energy,0.0144613267519,0.014461326751855587,4.441412515543419e-14
urban100/img_034.png,colour_variance,477.395063506,477.3950635057819,2.1810819816892035e-10
urban100/img_034.png,sat_mean,0.491886307464,0.4918863074643963,3.9629410863994963e-13
urban100/img_034.png,sat_std,0.307057907305,0.30705790730525545,2.554623179662485e-13
urban100/img_034.png,noise,0.123736510055,0.12373651005484865,1.5135115383202447e-13
urban100/img_034.png,nearest_psnr,20.3680631025,20.36806310251834,1.8342660723646986e-11
urban100/img_034.png,nearest_ssim,0.825210982212,0.8252109822123389,3.389510894180603e-13
urban100/img_034.png,nearest_delta_e,9.35417667031,9.354176670311478,1.4779288903810084e-12
urban100/img_034.png,nearest_edge_preservation,0.902360809818,0.9023608098181489,1.488809076022335e-13
urban100/img_034.png,nearest_artifact_score,45.1572317639,45.157231763861844,3.815614491031738e-11
urban100/img_034.png,bilinear_psnr,23.2314313977,23.231431397726624,2.6624036308930954e-11
urban100/img_034.png,bilinear_ssim,0.886633855484,0.8866338554837977,2.0228263508670352e-13
urban100/img_034.png,bilinear_delta_e,6.92573446984,6.925734469841869,1.8687273950490635e-12
urban100/img_034.png,bilinear_edge_preservation,0.951402285669,0.9514022856690895,8.948397578478762e-14
urban100/img_034.png,bilinear_artifact_score,29.8530777159,29.85307771588195,1.8051338201985345e-11
urban100/img_034.png,cdiff_psnr,24.3638695697,24.363869569653176,4.68247662865906e-11
urban100/img_034.png,cdiff_ssim,0.905961895034,0.9059618950344914,4.913847106990943e-13
urban100/img_034.png,cdiff_delta_e,6.34024564132,6.340245641318741,1.2594369991347776e-12
urban100/img_034.png,cdiff_edge_preservation,0.96801958444,0.9680195844398567,1.433297924791077e-13
urban100/img_034.png,cdiff_artifact_score,25.9475447047,25.94754470473449,3.448974439379526e-11
urban100/img_034.png,malvar_psnr,24.0810343879,24.08103438791411,1.4107826018516789e-11
urban100/img_034.png,malvar_ssim,0.896124676811,0.8961246768113841,3.8402614421784165e-13
urban100/img_034.png,malvar_delta_e,6.16663408786,6.16663408785797,2.0303758674344863e-12
urban100/img_034.png,malvar_edge_preservation,0.968434521109,0.968434521109212,2.120525977034049e-13
urban100/img_034.png,malvar_artifact_score,22.2216391612,22.221639161167033,3.296563022558985e-11
urban100/img_034.png,alleysson_psnr,24.3185854321,24.318585432104534,4.533262654149439e-12
urban100/img_034.png,alleysson_ssim,0.909734374076,0.9097343740764899,4.899414207670816e-13
urban100/img_034.png,alleysson_delta_e,6.4824330904,6.482433090399518,4.813927034774679e-13
urban100/img_034.png,alleysson_edge_preservation,0.963748750834,0.963748750833727,2.73003841755326e-13
urban100/img_034.png,alleysson_artifact_score,24.0662859873,24.066285987330133,3.013411742358585e-11
urban100/img_034.png,menon_psnr,24.7233554204,24.723355420412886,1.2885692513009417e-11
urban100/img_034.png,menon_ssim,0.886642354878,0.8866423548783136,3.135269821541442e-13
urban100/img_034.png,menon_delta_e,5.72455233329,5.724552333290476,4.760636329592671e-13
urban100/img_034.png,menon_edge_preservation,0.972209500706,0.9722095007058683,1.3167245072054357e-13
urban100/img_034.png,menon_artifact_score,18.3087619668,18.308761966769314,3.0684788043799927e-11
urban100/img_042.png,edge_density,0.137672334559,0.13767233455882352,1.7646994976416863e-13
urban100/img_042.png,grad_mean,0.104051920819,0.10405192081920416,2.0415613644075847e-13
urban100/img_042.png,grad_std,0.141162366158,0.14116236615766783,3.3217872896784684e-13
urban100/img_042.png,local_tex,0.10948515446,0.10948515446036686,3.6685932069957516e-13
urban100/img_042.png,hf_energy,0.00484417490038,0.004844174900376838,3.1624008967057193e-15
urban100/img_042.png,colour_variance,1.65500682133e-06,1.6550068213262617e-06,3.738168154470041e-18
urban100/img_042.png,sat_mean,0.0,0.0,0.0
urban100/img_042.png,sat_std,0.0,0.0,0.0
urban100/img_042.png,noise,0.0442346166111,0.044234616611134724,3.472222509515177e-14
urban100/img_042.png,nearest_psnr,22.4938173039,22.493817303920054,2.0055068716828828e-11
urban100/img_042.png,nearest_ssim,0.937142687411,0.937142687411356,3.559375016948252e-13
urban100/img_042.png,nearest_delta_e,6.96454950187,6.964549501865981,4.019007349143067e-12
urban100/img_042.png,nearest_edge_preservation,0.947202124219,0.9472021242193243,3.2429614549300823e-13
urban100/img_042.png,nearest_artifact_score,37.8282237362,37.82822373616528,3.4724223496596096e-11
urban100/img_042.png,bilinear_psnr,25.9288889533,25.9288889532768,2.319922032256727e-11
urban100/img_042.png,bilinear_ssim,0.956967033541,0.9569670335405042,4.958256027975949e-13
urban100/img_042.png,bilinear_delta_e,4.71574610898,4.7157461089751145,4.885869486770389e-12
urban100/img_042.png,bilinear_edge_preservation,0.962598418926,0.9625984189257066,2.9332092310596636e-13
urban100/img_042.png,bilinear_artifact_score,23.8746746945,23.874674694460566,3.943512183468556e-11
urban100/img_042.png,cdiff_psnr,27.4569885845,27.456988584473038,2.6961544108417e-11
urban100/img_042.png,cdiff_ssim,0.968704574197,0.9687045741967687,2.312594560294201e-13
urban100/img_042.png,cdiff_delta_e,4.15232244744,4.152322447440319,3.197442310920451e-13
urban100/img_042.png,cdiff_edge_preservation,0.981023111202,0.9810231112021556,1.5554224574998443e-13
urban100/img_042.png,cdiff_artifact_score,20.014599368,20.014599368048053,4.8054005219455576e-11
urban100/img_042.png,malvar_psnr,29.7841283805,29.7841283804604,3.9602099377589184e-11
urban100/img_042.png,malvar_ssim,0.987030536406,0.9870305364063529,3.5282887722587475e-13
urban100/img_042.png,malvar_delta_e,3.24699612013,3.246996120129293,7.069900220812997e-13
urban100/img_042.png,malvar_edge_preservation,0.992906990455,0.9929069904552105,2.1049828546892968e-13
urban100/img_042.png,malvar_artifact_score,14.7627943338,14.762794333848838,4.8837378585631086e-11
urban100/img_042.png,alleysson_psnr,28.9873326197,28.98733261974672,4.672173758990539e-11
urban100/img_042.png,alleysson_ssim,0.97807579956,0.978075799560085,8.493206138382448e-14
urban100/img_042.png,alleysson_delta_e,3.70098446303,3.700984463034656,4.6558312760680565e-12
urban100/img_042.png,alleysson_edge_preservation,0.979321940287,0.9793219402871254,1.2534417948018017e-13
urban100/img_042.png,alleysson_artifact_score,16.1965488018,16.19654880181704,1.7042367517206003e-11
urban100/img_042.png,menon_psnr,36.6208254005,36.62082540049749,2.5153212845907547e-12
urban100/img_042.png,menon_ssim,0.996285777518,0.9962857775176363,3.637090628672013e-13
urban100/img_042.png,menon_delta_e,1.66138078766,1.6613807876567872,3.212763388660278e-12
urban100/img_042.png,menon_edge_preservation,0.998529198499,0.9985291984986273,3.7270186936666505e-13
urban100/img_042.png,menon_artifact_score,6.93531187023,6.935311870231992,1.992184195387381e-12
urban100/img_047.png,edge_density,0.145095627029,0.14509562702922077,2.2076784844671238e-13
urban100/img_047.png,grad_mean,0.114866662403,0.11486666240257166,4.283379206881932e-13
urban100/img_047.png,grad_std,0.145706287089,0.14570628708859948,4.005129561335252e-13
urban100/img_047.png,local_tex,0.0998885131217,0.09988851312166627,3.372302437298913e-14
urban100/img_047.png,hf_energy,0.0182997115067,0.01829971150674986,4.985942214652539e-14
urban100/img_047.png,colour_variance,141.538522384,141.53852238368438,3.156230832246365e-10
urban100/img_047.png,sat_mean,0.245130620074,0.2451306200740224,2.2398749521812533e-14
urban100/img_047.png,sat_std,0.185118412225,0.18511841222473624,2.6376123507532157e-13
urban100/img_047.png,noise,0.0608864922865,0.06088649228652712,2.7124136270373356e-14
urban100/img_047.png,nearest_psnr,19.624547598,19.62454759796772,3.227995648558135e-11
urban100/img_047.png,nearest_ssim,0.853431783737,0.853431783737485,4.849454171562684e-13
urban100/img_047.png,nearest_delta_e,9.86113611107,9.861136111069706,2.9309887850104133e-13
urban100/img_047.png,nearest_edge_preservation,0.886902271878,0.8869022718784265,4.2654768606098514e-13
urban100/img_047.png,nearest_artifact_score,51.0208805706,51.020880570645375,4.537525910564e-11
urban100/img_047.png,bilinear_psnr,22.4466133485,22.4466133484661,3.389999392311438e-11
urban100/img_047.png,bilinear_ssim,0.915717271322,0.9157172713219323,6.772360450213455e-14
urban100/img_047.png,bilinear_delta_e,7.5883164552,7.588316455201333,1.333155807969888e-12
urban100/img_047.png,bilinear_edge_preservation,0.949959331764,0.9499593317636853,3.147482274812319e-13
urban100/img_047.png,bilinear_artifact_score,31.6031019222,31.603101922181686,1.8314239014216582e-11
urban100/img_047.png,cdiff_psnr,24.019652991,24.019652990982557,1.744382416291046e-11
urban100/img_047.png,cdiff_ssim,0.936200688155,0.9362006881552359,2.3592239273284576e-13
urban100/img_047.png,cdiff_delta_e,6.49367405335,6.493674053352747,2.7462476737127872e-12
urban100/img_047.png,cdiff_edge_preservation,0.957126053516,0.9571260535164235,4.235500838944972e-13
urban100/img_047.png,cdiff_artifact_score,27.2004532957,27.200453295746065,4.6064485559327295e-11
urban100/img_047.png,malvar_psnr,25.7656719162,25.7656719161742,2.5799806735449238e-11
urban100/img_047.png,malvar_ssim,0.970091061259,0.970091061259422,4.21995771660022e-13
urban100/img_047.png,malvar_delta_e,5.8822086971,5.882208697102228,2.227551476607914e-12
urban100/img_047.png,malvar_edge_preservation,0.985357134574,0.9853571345740515,5.1514348342607263e-14
urban100/img_047.png,malvar_artifact_score,21.2143427771,21.2143427771464,4.639844064513454e-11
urban100/img_047.png,alleysson_psnr,24.9988756315,24.99887563149098,9.020340030474472e-12
urban100/img_047.png,alleysson_ssim,0.957017335334,0.9570173353339393,6.072919944699606e-14
urban100/img_047.png,alleysson_delta_e,6.30619021953,6.30619021953105,1.049826892085548e-12
urban100/img_047.png,alleysson_edge_preservation,0.973069858075,0.9730698580747841,2.1593837828959295e-13
urban100/img_047.png,alleysson_artifact_score,23.6560741102,23.656074110233902,3.390354663679318e-11
urban100/img_047.png,menon_psnr,28.2915629455,28.291562945498605,1.3962164757685969e-12
urban100/img_047.png,menon_ssim,0.977396778131,0.9773967781312484,2.483568906086475e-13
urban100/img_047.png,menon_delta_e,4.4368819885,4.436881988498908,1.091571277811454e-12
urban100/img_047.png,menon_edge_preservation,0.989960916399,0.9899609163990972,9.725553695716371e-14
urban100/img_047.png,menon_artifact_score,15.3421639326,15.342163932632552,3.255173908200959e-11
urban100/img_061.png,edge_density,0.15243094308,0.15243094308035715,3.5715874702191286e-13
urban100/img_061.png,grad_mean,0.117105420219,0.11710542021880828,1.9172163856495672e-13
urban100/img_061.png,grad_std,0.120619690352,0.1206196903518085,1.914995939600317e-13
urban100/img_061.png,local_tex,0.10001588873,0.10001588872982443,1.755678935566607e-13
urban100/img_061.png,hf_energy,0.0107011982417,0.010701198241696708,3.29250515740398e-15
urban100/img_061.png,colour_variance,301.097326983,301.09732698310376,1.0373923942097463e-10
urban100/img_061.png,sat_mean,0.317875196436,0.3178751964361088,1.0880185641326534e-13
urban100/img_061.png,sat_std,0.192893580454,0.19289358045358915,4.108657858381548e-13
urban100/img_061.png,noise,0.0892408815343,0.08924088153426468,3.531896997088779e-14
urban100/img_061.png,nearest_psnr,21.8738684998,21.87386849978618,1.3820056210533949e-11
urban100/img_061.png,nearest_ssim,0.862324538084,0.8623245380839897,1.0325074129013956e-14
urban100/img_061.png,nearest_delta_e,8.52120836172,8.521208361717445,2.55440113505756e-12
urban100/img_061.png,nearest_edge_preservation,0.885639675111,0.8856396751109447,5.5289106626332796e-14
urban100/img_061.png,nearest_artifact_score,37.4340722652,37.43407226519972,2.8421709430404007e-13
urban100/img_061.png,bilinear_psnr,24.992871639,24.99287163900909,9.087841590371681e-12
urban100/img_061.png,bilinear_ssim,0.926057083975,0.9260570839750659,6.59472476627343e-14
urban100/img_061.png,bilinear_delta_e,5.68756079757,5.687560797571955,1.9548807017599756e-12
urban100/img_061.png,bilinear_edge_preservation,0.958245020199,0.9582450201989466,5.340172748447003e-14
urban100/img_061.png,bilinear_artifact_score,22.1267397575,22.12673975750261,2.6076918402395677e-12
urban100/img_061.png,cdiff_psnr,25.8133853526,25.813385352616674,1.667288529461075e-11
urban100/img_061.png,cdiff_ssim,0.9461197874,0.9461197873998768,1.2323475573339238e-13
urban100/img_061.png,cdiff_delta_e,5.21715048007,5.217150480069753,2.469136006766348e-13
urban100/img_061.png,cdiff_edge_preservation,0.97669451023,0.9766945102300217,2.1760371282653068e-14
urban100/img_061.png,cdiff_artifact_score,19.9536984094,19.953698409391848,8.15347789284715e-12
urban100/img_061.png,malvar_psnr,26.5570944822,26.55709448223806,3.8060221640989766e-11
urban100/img_061.png,malvar_ssim,0.954704488052,0.9547044880518282,1.7186252421197423e-13
urban100/img_061.png,malvar_delta_e,4.39598205941,4.39598205941307,3.070432796903333e-12
urban100/img_061.png,malvar_edge_preservation,0.976927259197,0.9769272591974851,4.851674617611934e-13
urban100/img_061.png,malvar_artifact_score,16.0163730565,16.016373056454924,4.5076831156620756e-11
urban100/img_061.png,alleysson_psnr,27.0518392527,27.05183925274381,4.381206508696778e-11
urban100/img_061.png,alleysson_ssim,0.954376023747,0.9543760237469945,5.551115123125783e-15
urban100/img_061.png,alleysson_delta_e,4.7360449619,4.736044961901799,1.7985612998927536e-12
urban100/img_061.png,alleysson_edge_preservation,0.970937380056,0.9709373800561681,1.680877659282487e-13
urban100/img_061.png,alleysson_artifact_score,16.7943816928,16.794381692834673,3.467448550509289e-11
urban100/img_061.png,menon_psnr,27.0206453375,27.02064533752942,2.942002197414695e-11
urban100/img_061.png,menon_ssim,0.952732063055,0.952732063054664,3.360645095540349e-13
urban100/img_061.png,menon_delta_e,3.90820796193,3.908207961927524,2.476241434123949e-12
urban100/img_061.png,menon_edge_preservation,0.975182121413,0.9751821214128351,1.6486811915683575e-13
urban100/img_061.png,menon_artifact_score,14.5488191674,14.54881916738517,1.482902689531329e-11
urban100/img_066.png,edge_density,0.15466760706,0.15466760706018517,1.851852005074761e-13
urban100/img_066.png,grad_mean,0.108371158852,0.10837115885243438,4.343886361724003e-13
urban100/img_066.png,grad_std,0.115520919708,0.11552091970817871,1.7870427360122676e-13
urban100/img_066.png,local_tex,0.102476976383,0.10247697638307164,7.163714066393823e-14
urban100/img_066.png,hf_energy,0.0128655365367,0.012865536536717554,1.755366685340931e-14
urban100/img_066.png,colour_variance,1.36337446116,1.3633744611628256,2.8255175976710234e-12
urban100/img_066.png,sat_mean,0.0212052388506,0.021205238850638675,3.867392517342694e-14
urban100/img_066.png,sat_std,0.0157907516527,0.015790751652660084,3.991598718222633e-14
urban100/img_066.png,noise,0.0916197209165,0.0916197209164637,3.630429290524262e-14
urban100/img_066.png,nearest_psnr,21.6332979606,21.633297960649987,4.998668146072305e-11
urban100/img_066.png,nearest_ssim,0.829479051017,0.8294790510167676,2.324807013565078e-13
urban100/img_066.png,nearest_delta_e,9.44695342091,9.446953420911763,1.7621459846850485e-12
urban100/img_066.png,nearest_edge_preservation,0.849611920381,0.8496119203805153,4.847233725513433e-13
urban100/img_066.png,nearest_artifact_score,39.1287900873,39.12879008730544,5.4427573559223674e-12
urban100/img_066.png,bilinear_psnr,24.4412506387,24.441250638652516,4.7485571030847495e-11
urban100/img_066.png,bilinear_ssim,0.918175449617,0.9181754496168343,1.6575629757653587e-13
urban100/img_066.png,bilinear_delta_e,6.70170706317,6.701707063173195,3.1956659540810506e-12
urban100/img_066.png,bilinear_edge_preservation,0.946883329282,0.9468833292824123,4.122258090433206e-13
urban100/img_066.png,bilinear_artifact_score,24.1402876126,24.140287612604407,4.405364961712621e-12
urban100/img_066.png,cdiff_psnr,25.6989370397,25.698937039676167,2.383160335739376e-11
urban100/img_066.png,cdiff_ssim,0.938896698255,0.9388966982553205,3.205213872092827e-13
urban100/img_066.png,cdiff_delta_e,5.75457922433,5.754579224333701,3.701039474890422e-12
urban100/img_066.png,cdiff_edge_preservation,0.965647455877,0.9656474558770619,6.195044477408373e-14
urban100/img_066.png,cdiff_artifact_score,20.4340262428,20.434026242846453,4.645173135031655e-11
urban100/img_066.png,malvar_psnr,27.2901553589,27.290155358934847,3.484501576167531e-11
urban100/img_066.png,malvar_ssim,0.969626302598,0.9696263025983696,3.695932448977146e-13
urban100/img_066.png,malvar_delta_e,5.00689406415,5.006894064150761,7.611689056830073e-13
urban100/img_066.png,malvar_edge_preservation,0.985494407819,0.9854944078185266,4.733990977001667e-13
urban100/img_066.png,malvar_artifact_score,16.3043239398,16.30432393980218,2.1813661987835076e-12
urban100/img_066.png,alleysson_psnr,26.5481719851,26.548171985073154,2.6847857270695386e-11
urban100/img_066.png,alleysson_ssim,0.950523022362,0.950523022361795,2.0505819264826641e-13
urban100/img_066.png,alleysson_delta_e,5.60621471946,5.606214719456027,3.97282207131866e-12
urban100/img_066.png,alleysson_edge_preservation,0.967077055603,0.9670770556033556,3.5560443478743764e-13
urban100/img_066.png,alleysson_artifact_score,18.2618323607,18.261832360654363,4.5638159917871235e-11
urban100/img_066.png,menon_psnr,33.3079948257,33.30799482573023,3.023359340659226e-11
urban100/img_066.png,menon_ssim,0.989677607717,0.9896776077169566,4.340972026284362e-14
urban100/img_066.png,menon_delta_e,2.74917820705,2.749178207051326,1.326050380612287e-12
urban100/img_066.png,menon_edge_preservation,0.995529489241,0.995529489241171,1.709743457922741e-13
urban100/img_066.png,menon_artifact_score,8.12217693016,8.12217693016063,6.306066779870889e-13
urban100/img_081.png,edge_density,0.111343383789,0.1113433837890625,6.250555628639631e-14
urban100/img_081.png,grad_mean,0.0814337752409,0.08143377524085044,4.9557580261705425e-14
urban100/img_081.png,grad_std,0.144343288148,0.1443432881477646,2.353950367961488e-13
urban100/img_081.png,local_tex,0.110145725617,0.11014572561706193,6.19226891984681e-14
urban100/img_081.png,hf_energy,0.00866877561079,0.008668775610788748,1.2524703496552547e-15
urban100/img_081.png,colour_variance,1830.46534017,1830.465340170229,2.2896529117133468e-10
urban100/img_081.png,sat_mean,0.666656014028,0.6666560140279646,3.5416114485542494e-14
urban100/img_081.png,sat_std,0.393256838779,0.3932568387793411,3.4111602431607935e-13
urban100/img_081.png,noise,0.0153051773475,0.015305177347452818,4.7182743823093176e-14
urban100/img_081.png,nearest_psnr,23.6580973769,23.658097376942663,4.2664538568715216e-11
urban100/img_081.png,nearest_ssim,0.931047433957,0.9310474339573742,3.7425618160114027e-13
urban100/img_081.png,nearest_delta_e,4.38605054245,4.386050542449494,5.053735208093713e-13
urban100/img_081.png,nearest_edge_preservation,0.964663104154,0.96466310415397,2.9976021664879227e-14
urban100/img_081.png,nearest_artifact_score,37.089066061,37.08906606099217,7.830180948076304e-12
urban100/img_081.png,bilinear_psnr,26.4469662143,26.446966214307004,7.002398660915787e-12
urban100/img_081.png,bilinear_ssim,0.960683293535,0.9606832935352426,2.425837308805967e-13
urban100/img_081.png,bilinear_delta_e,3.31869752904,3.3186975290392207,7.793765632868599e-13
urban100/img_081.png,bilinear_edge_preservation,0.964853058395,0.9648530583952907,2.90656387846866e-13
urban100/img_081.png,bilinear_artifact_score,24.355828747,24.355828746989943,1.0057732424684218e-11
urban100/img_081.png,cdiff_psnr,22.1348803413,22.13488034132466,2.4659385644554277e-11
urban100/img_081.png,cdiff_ssim,0.914757467812,0.9147574678119629,3.708144902248023e-14
urban100/img_081.png,cdiff_delta_e,3.83512266252,3.8351226625182266,1.7732482149313e-12
urban100/img_081.png,cdiff_edge_preservation,0.961303344043,0.9613033440433197,3.197442310920451e-13
urban100/img_081.png,cdiff_artifact_score,21.8977086463,21.897708646250848,4.915179374620493e-11
urban100/img_081.png,malvar_psnr,24.5302400891,24.530240089090405,9.595879646440153e-12
urban100/img_081.png,malvar_ssim,0.908930488637,0.9089304886365461,4.53859172466764e-13
urban100/img_081.png,malvar_delta_e,3.14814217385,3.1481421738480826,1.9175772081325704e-12
urban100/img_081.png,malvar_edge_preservation,0.976592881437,0.9765928814367713,2.2870594307278225e-13
urban100/img_081.png,malvar_artifact_score,23.3118927939,23.311892793932387,3.2386537895945366e-11
urban100/img_081.png,alleysson_psnr,25.6723443139,25.672344313903846,3.8475889141409425e-12
urban100/img_081.png,alleysson_ssim,0.935354520007,0.9353545200067578,2.4225066397320916e-13
urban100/img_081.png,alleysson_delta_e,3.36818936486,3.3681893648619656,1.965538842796377e-12
urban100/img_081.png,alleysson_edge_preservation,0.981005250461,0.9810052504613136,3.136380044566067e-13
urban100/img_081.png,alleysson_artifact_score,21.1846550218,21.18465502183926,3.9257486150745535e-11
urban100/img_081.png,menon_psnr,23.1649984825,23.16499848250652,6.519229600598919e-12
urban100/img_081.png,menon_ssim,0.878857331309,0.8788573313094548,4.547473508864641e-13
urban100/img_081.png,menon_delta_e,4.12688527486,4.126885274861175,1.1750600492632657e-12
urban100/img_081.png,menon_edge_preservation,0.975247393655,0.9752473936549014,9.85878045867139e-14
urban100/img_081.png,menon_artifact_score,23.8655890191,23.86558901912275,2.2751578399038408e-11
urban100/img_085.png,edge_density,0.0835220968935,0.08352209689349112,8.881784197001252e-15
urban100/img_085.png,grad_mean,0.0731225100007,0.07312251000072784,2.78388423424758e-14
urban100/img_085.png,grad_std,0.121765274536,0.12176527453609379,9.37860900052101e-14
urban100/img_085.png,local_tex,0.0657481684067,0.06574816840665232,4.7684078907650473e-14
urban100/img_085.png,hf_energy,0.0142740538102,0.014274053810191258,8.741271595447131e-15
urban100/img_085.png,colour_variance,585.086299337,585.0862993374741,4.740741132991388e-10
urban100/img_085.png,sat_mean,0.614627402083,0.6146274020825104,4.89608353859694e-13
urban100/img_085.png,sat_std,0.277242538235,0.2772425382346351,3.648747970430577e-13
urban100/img_085.png,noise,0.0114567657023,0.011456765702283996,1.6004558789362022e-14
urban100/img_085.png,nearest_psnr,23.6880825948,23.688082594777292,2.2708945834892802e-11
urban100/img_085.png,nearest_ssim,0.931254874112,0.9312548741121123,1.1224354778960333e-13
urban100/img_085.png,nearest_delta_e,4.79451582607,4.794515826070006,6.217248937900877e-15
urban100/img_085.png,nearest_edge_preservation,0.905301509222,0.9053015092217095,2.9054536554440347e-13
urban100/img_085.png,nearest_artifact_score,35.515276374,35.515276374005154,5.151434834260726e-12
urban100/img_085.png,bilinear_psnr,27.0160864983,27.01608649830889,8.888889624358853e-12
urban100/img_085.png,bilinear_ssim,0.967846636539,0.9678466365386692,3.3084646133829665e-13
urban100/img_085.png,bilinear_delta_e,3.17456808043,3.1745680804261696,3.83026943495679e-12
urban100/img_085.png,bilinear_edge_preservation,0.969664240796,0.969664240795852,1.4799272918253337e-13
urban100/img_085.png,bilinear_artifact_score,22.3488572209,22.348857220914354,1.4352963262354024e-11
urban100/img_085.png,cdiff_psnr,24.4726848343,24.47268483425139,4.8611781267027254e-11
urban100/img_085.png,cdiff_ssim,0.964909753761,0.9649097537612595,2.595701431573616e-13
urban100/img_085.png,cdiff_delta_e,4.40035336996,4.400353369960247,2.469136006766348e-13
urban100/img_085.png,cdiff_edge_preservation,0.983225359377,0.9832253593773398,3.398392678377604e-13
urban100/img_085.png,cdiff_artifact_score,20.7671984643,20.76719846431191,1.1908696251339279e-11
urban100/img_085.png,malvar_psnr,28.1807245807,28.180724580681716,1.8285817304786178e-11
urban100/img_085.png,malvar_ssim,0.973248064238,0.9732480642380715,7.149836278586008e-14
urban100/img_085.png,malvar_delta_e,2.86036310075,2.8603631007505803,5.804245972740318e-13
urban100/img_085.png,malvar_edge_preservation,0.982881709883,0.9828817098834743,4.742872761198669e-13
urban100/img_085.png,malvar_artifact_score,18.4928968328,18.492896832760767,3.923261715499393e-11
urban100/img_085.png,alleysson_psnr,28.5173178673,28.517317867324866,2.4865443037924706e-11
urban100/img_085.png,alleysson_ssim,0.975666496512,0.9756664965118316,1.6842083283563625e-13
urban100/img_085.png,alleysson_delta_e,2.86286189672,2.8628618967191533,8.468781231840694e-13
urban100/img_085.png,alleysson_edge_preservation,0.977853467351,0.9778534673508895,1.1046719095020308e-13
urban100/img_085.png,alleysson_artifact_score,18.0960363572,18.096036357215226,1.5226930827338947e-11
urban100/img_085.png,menon_psnr,28.8916382304,28.891638230391532,8.469669410260394e-12
urban100/img_085.png,menon_ssim,0.978936362155,0.9789363621550948,9.481304630298837e-14
urban100/img_085.png,menon_delta_e,2.53162223548,2.53162223547527,4.729994174113017e-12
urban100/img_085.png,menon_edge_preservation,0.988011606428,0.9880116064279909,9.103828801926284e-15
urban100/img_085.png,menon_artifact_score,16.0088828007,16.008882800721217,2.121680608979659e-11
urban100/img_092.png,edge_density,0.164333453757,0.16433345375722544,2.2543078515013804e-13
urban100/img_092.png,grad_mean,0.148928196004,0.1489281960040389,3.888556143749611e-14
urban100/img_092.png,grad_std,0.183700019763,0.18370001976301703,1.7041923427996153e-14
urban100/img_092.png,local_tex,0.145552457511,0.1455524575105924,4.075906279155106e-13
urban100/img_092.png,hf_energy,0.0220783195504,0.02207831955041661,1.6611712005953905e-14
urban100/img_092.png,colour_variance,1.96575299369,1.9657529936888636,1.1364242880063102e-12
urban100/img_092.png,sat_mean,0.0290500711319,0.029050071131871642,2.8359259385268842e-14
urban100/img_092.png,sat_std,0.0435086404022,0.043508640402230465,3.046868313205664e-14
urban100/img_092.png,noise,0.106954388008,0.10695438800832388,3.238798118587738e-13
urban100/img_092.png,nearest_psnr,17.631253551,17.631253550968708,3.129230208287481e-11
urban100/img_092.png,nearest_ssim,0.817953644997,0.8179536449974049,4.048983370807946e-13
urban100/img_092.png,nearest_delta_e,11.3350130106,11.335013010607687,7.686296044084884e-12
urban100/img_092.png,nearest_edge_preservation,0.863981944268,0.8639819442679597,4.030109579389318e-14
urban100/img_092.png,nearest_artifact_score,58.9541271324,58.95412713238897,1.1027623258996755e-11
urban100/img_092.png,bilinear_psnr,20.2480947534,20.248094753417323,1.7323031897831243e-11
urban100/img_092.png,bilinear_ssim,0.872410361037,0.8724103610372118,2.1183055309847987e-13
urban100/img_092.png,bilinear_delta_e,8.97499230999,8.974992309994219,4.218847493575595e-12
urban100/img_092.png,bilinear_edge_preservation,0.941933402121,0.9419334021214696,4.696243394164412e-13
urban100/img_092.png,bilinear_artifact_score,37.8974746894,37.89747468937807,2.1927348825556692e-11
urban100/img_092.png,cdiff_psnr,21.897167184,21.897167183994593,5.4072302191343624e-12
urban100/img_092.png,cdiff_ssim,0.906526978723,0.9065269787226584,3.4161562467716067e-13
urban100/img_092.png,cdiff_delta_e,7.68526391781,7.685263917805293,4.707345624410664e-12
urban100/img_092.png,cdiff_edge_preservation,0.963503575412,0.9635035754123241,3.240741008880832e-13
urban100/img_092.png,cdiff_artifact_score,31.6805636435,31.68056364350197,1.9682033780554775e-12
urban100/img_092.png,malvar_psnr,25.1399841049,25.139984104924004,2.4002133613976184e-11
urban100/img_092.png,malvar_ssim,0.969982662328,0.9699826623281641,1.6409096303959814e-13
urban100/img_092.png,malvar_delta_e,6.34612237874,6.346122378740749,7.496225862269057e-13
urban100/img_092.png,malvar_edge_preservation,0.990186249478,0.9901862494777987,2.013944566670034e-13
urban100/img_092.png,malvar_artifact_score,17.7329255947,17.732925594690713,9.28679355638451e-12
urban100/img_092.png,alleysson_psnr,22.6770614943,22.677061494268436,3.156230832246365e-11
urban100/img_092.png,alleysson_ssim,0.924545830186,0.9245458301857873,2.1271873151818e-13
urban100/img_092.png,alleysson_delta_e,7.55738172152,7.557381721518371,1.6289192217300297e-12
urban100/img_092.png,alleysson_edge_preservation,0.965855120283,0.9658551202825507,4.4930725806580085e-13
urban100/img_092.png,alleysson_artifact_score,27.6632184117,27.66321841172948,2.9480418106686557e-11
urban100/img_092.png,menon_psnr,29.7164422635,29.71644226346973,3.026912054338027e-11
urban100/img_092.png,menon_ssim,0.983908093496,0.9839080934958722,1.2778667013435552e-13
urban100/img_092.png,menon_delta_e,3.67530254479,3.675302544787585,2.4149571231646405e-12
urban100/img_092.png,menon_edge_preservation,0.99569158916,0.9956915891596347,3.652633751016765e-13
urban100/img_092.png,menon_artifact_score,11.0254889024,11.025488902356905,4.3094416923850076e-11
