image_id,column,historical,recomputed,absolute_error
kodak/kodim13.png,edge_density,0.160245259603,0.1602452596028646,1.3541945342865347e-13
kodak/kodim13.png,grad_mean,0.120332608116,0.12033260811600678,6.786238238021269e-15
kodak/kodim13.png,grad_std,0.118811718761,0.11881171876072971,2.7028379534499436e-13
kodak/kodim13.png,local_tex,0.100377331407,0.10037733140703732,3.7317371415213074e-14
kodak/kodim13.png,hf_energy,0.0201243823065,0.020124382306521058,2.1059542998358438e-14
kodak/kodim13.png,colour_variance,87.5954379667,87.59543796669,1.000444171950221e-11
kodak/kodim13.png,sat_mean,0.342274280117,0.3422742801165148,4.852229729124247e-13
kodak/kodim13.png,sat_std,0.170739598985,0.17073959898545707,4.570788192381769e-13
kodak/kodim13.png,noise,0.136763604647,0.13676360464682807,1.719180353632055e-13
kodak/kodim13.png,nearest_psnr,20.9155981949,20.915598194926048,2.6048496692965273e-11
kodak/kodim13.png,nearest_ssim,0.829759996197,0.8297599961971157,1.156852391659413e-13
kodak/kodim13.png,nearest_delta_e,10.0744339225,10.074433922505902,5.901057420487632e-12
kodak/kodim13.png,nearest_edge_preservation,0.895905833553,0.8959058335528846,1.1546319456101628e-13
kodak/kodim13.png,nearest_artifact_score,42.0625495533,42.06254955333467,3.466738007773529e-11
kodak/kodim13.png,bilinear_psnr,23.5397723763,23.539772376318673,1.8673063095775433e-11
kodak/kodim13.png,bilinear_ssim,0.888330507101,0.8883305071010156,1.554312234475219e-14
kodak/kodim13.png,bilinear_delta_e,7.21456051254,7.214560512538881,1.1191048088221578e-12
kodak/kodim13.png,bilinear_edge_preservation,0.942518863745,0.942518863744908,9.203748874142548e-14
kodak/kodim13.png,bilinear_artifact_score,28.9384988894,28.938498889431408,3.140598892059643e-11
kodak/kodim13.png,cdiff_psnr,24.4351962677,24.435196267666804,3.319655661471188e-11
kodak/kodim13.png,cdiff_ssim,0.919033576372,0.9190335763721384,1.3844481117075702e-13
kodak/kodim13.png,cdiff_delta_e,6.16125498672,6.161254986719986,1.4210854715202004e-14
kodak/kodim13.png,cdiff_edge_preservation,0.955386056672,0.9553860566724491,4.490852134608758e-13
kodak/kodim13.png,cdiff_artifact_score,25.5304231158,25.53042311584646,4.645883677767415e-11
kodak/kodim13.png,malvar_psnr,26.0553557362,26.05535573620167,1.6697754290362354e-12
kodak/kodim13.png,malvar_ssim,0.966189091074,0.9661890910741268,1.2678746941219288e-13
kodak/kodim13.png,malvar_delta_e,5.33917708642,5.339177086423931,3.931077685592754e-12
kodak/kodim13.png,malvar_edge_preservation,0.981760747718,0.9817607477180981,9.803269307440132e-14
kodak/kodim13.png,malvar_artifact_score,19.9610535283,19.961053528297764,2.234656903965515e-12
kodak/kodim13.png,alleysson_psnr,25.8482391291,25.848239129087915,1.2086331935279304e-11
kodak/kodim13.png,alleysson_ssim,0.936806113338,0.9368061133379654,3.4638958368304884e-14
kodak/kodim13.png,alleysson_delta_e,5.76237795257,5.762377952565565,4.434674849562725e-12
kodak/kodim13.png,alleysson_edge_preservation,0.96245127023,0.9624512702304004,4.0045744498229396e-13
kodak/kodim13.png,alleysson_artifact_score,22.2026454824,22.202645482433624,3.362288225616794e-11
kodak/kodim13.png,menon_psnr,28.3198191451,28.31981914510456,4.561684363579843e-12
kodak/kodim13.png,menon_ssim,0.974611066033,0.9746110660333512,3.5127456499139953e-13
kodak/kodim13.png,menon_delta_e,4.04166931819,4.041669318191336,1.3358203432289883e-12
kodak/kodim13.png,menon_edge_preservation,0.988958972033,0.9889589720329176,8.237854842718662e-14
kodak/kodim13.png,menon_artifact_score,14.6671335328,14.667133532839904,3.9904080040287226e-11
kodak/kodim14.png,edge_density,0.113169352214,0.11316935221354167,4.583278201408802e-13
kodak/kodim14.png,grad_mean,0.0746815522411,0.07468155224111371,1.3711254354120683e-14
kodak/kodim14.png,grad_std,0.0859733577227,0.08597335772268097,1.902644708451362e-14
kodak/kodim14.png,local_tex,0.0677211586213,0.06772115862125964,4.035660694512444e-14
kodak/kodim14.png,hf_energy,0.00815289141166,0.008152891411655183,4.817327092787593e-15
kodak/kodim14.png,colour_variance,464.616862552,464.61686255175687,2.431193024676759e-10
kodak/kodim14.png,sat_mean,0.328924267199,0.3289242671992053,2.053357484044227e-13
kodak/kodim14.png,sat_std,0.251690843885,0.251690843885457,4.569677969357144e-13
kodak/kodim14.png,noise,0.0628573902044,0.0628573902044233,2.3300805729320473e-14
kodak/kodim14.png,nearest_psnr,25.1955215631,25.195521563131365,3.136335635645082e-11
kodak/kodim14.png,nearest_ssim,0.899157629297,0.8991576292966648,3.352873534367973e-13
kodak/kodim14.png,nearest_delta_e,6.26660683694,6.266606836940382,3.8191672047105385e-13
kodak/kodim14.png,nearest_edge_preservation,0.910024170352,0.9100241703520879,8.79296635503124e-14
kodak/kodim14.png,nearest_artifact_score,26.5481463146,26.548146314602896,2.8954616482224083e-12
kodak/kodim14.png,bilinear_psnr,28.3409931634,28.34099316335475,4.525091412688198e-11
kodak/kodim14.png,bilinear_ssim,0.937013843612,0.9370138436122022,2.02171612784241e-13
kodak/kodim14.png,bilinear_delta_e,4.0322825501,4.032282550096047,3.952393967665557e-12
kodak/kodim14.png,bilinear_edge_preservation,0.950686466865,0.9506864668651612,1.6120438317557273e-13
kodak/kodim14.png,bilinear_artifact_score,16.7386289047,16.73862890470317,3.169020601490047e-12
kodak/kodim14.png,cdiff_psnr,28.9514796614,28.951479661427047,2.7046809236708214e-11
kodak/kodim14.png,cdiff_ssim,0.953486650375,0.9534866503751196,1.1957101975212936e-13
kodak/kodim14.png,cdiff_delta_e,3.44156295271,3.4415629527135363,3.5362823780360486e-12
kodak/kodim14.png,cdiff_edge_preservation,0.964417671487,0.9644176714869214,7.860379014346108e-14
kodak/kodim14.png,cdiff_artifact_score,15.1003500938,15.100350093771382,2.8617108682738035e-11
kodak/kodim14.png,malvar_psnr,29.747495951,29.74749595098554,1.4459544672718039e-11
kodak/kodim14.png,malvar_ssim,0.973109031173,0.9731090311730806,8.060219158778636e-14
kodak/kodim14.png,malvar_delta_e,2.9248790001,2.9248790000986293,1.3704593015972932e-12
kodak/kodim14.png,malvar_edge_preservation,0.977770406776,0.9777704067757688,2.312594560294201e-13
kodak/kodim14.png,malvar_artifact_score,12.4931144143,12.493114414336716,3.671551951356378e-11
kodak/kodim14.png,alleysson_psnr,29.7527712731,29.752771273079073,2.092548356813495e-11
kodak/kodim14.png,alleysson_ssim,0.963733003575,0.9637330035752574,2.573496971081113e-13
kodak/kodim14.png,alleysson_delta_e,3.24467377696,3.244673776956049,3.951061700036007e-12
kodak/kodim14.png,alleysson_edge_preservation,0.961305268914,0.9613052689143153,3.1530333899354446e-13
kodak/kodim14.png,alleysson_artifact_score,13.4175739134,13.417573913379837,2.0163426484032243e-11
kodak/kodim14.png,menon_psnr,30.8037440673,30.803744067274053,2.5945467996280058e-11
kodak/kodim14.png,menon_ssim,0.978980673133,0.978980673133251,2.510214258677479e-13
kodak/kodim14.png,menon_delta_e,2.16085759523,2.1608575952334688,3.468780818138839e-12
kodak/kodim14.png,menon_edge_preservation,0.985342222793,0.9853422227933264,3.26405569239796e-13
kodak/kodim14.png,menon_artifact_score,9.79651800095,9.796518000948762,1.2381207170619746e-12
kodak/kodim15.png,edge_density,0.0384140014648,0.03841400146484375,4.3749726064135075e-14
kodak/kodim15.png,grad_mean,0.0421546366176,0.04215463661764548,4.5477510646207975e-14
kodak/kodim15.png,grad_std,0.0797522563673,0.07975225636734237,4.2368886177257536e-14
kodak/kodim15.png,local_tex,0.0421961323034,0.04219613230339408,5.918876500032866e-15
kodak/kodim15.png,hf_energy,0.00288180046062,0.0028818004606184933,1.506607338885857e-15
kodak/kodim15.png,colour_variance,497.247142088,497.24714208805705,5.707079253625125e-11
kodak/kodim15.png,sat_mean,0.375535104085,0.3755351040845294,4.706235401386039e-13
kodak/kodim15.png,sat_std,0.236927306823,0.23692730682323088,2.308708779708013e-13
kodak/kodim15.png,noise,0.0288753747323,0.02887537473226919,3.081215838030005e-14
kodak/kodim15.png,nearest_psnr,27.7322018508,27.732201850825213,2.5213608978447155e-11
kodak/kodim15.png,nearest_ssim,0.913629323509,0.9136293235086822,3.177458296477198e-13
kodak/kodim15.png,nearest_delta_e,3.54209114962,3.542091149619893,1.0702549957386509e-13
kodak/kodim15.png,nearest_edge_preservation,0.935835248445,0.9358352484452213,2.212674488077937e-13
kodak/kodim15.png,nearest_artifact_score,20.6832769216,20.683276921552697,4.730438263322867e-11
kodak/kodim15.png,bilinear_psnr,30.3197207328,30.319720732816375,1.637445734559151e-11
kodak/kodim15.png,bilinear_ssim,0.954769088988,0.9547690889883904,3.9046543776066756e-13
kodak/kodim15.png,bilinear_delta_e,2.35434333475,2.354343334749089,9.108269694024784e-13
kodak/kodim15.png,bilinear_edge_preservation,0.960937216604,0.9609372166044847,4.847233725513433e-13
kodak/kodim15.png,bilinear_artifact_score,13.2628098119,13.262809811886616,1.3384848784880887e-11
kodak/kodim15.png,cdiff_psnr,31.0055290648,31.005529064776884,2.311750790795486e-11
kodak/kodim15.png,cdiff_ssim,0.964321945122,0.9643219451223521,3.5216274341109965e-13
kodak/kodim15.png,cdiff_delta_e,2.07636164447,2.0763616444658948,4.105160655853979e-12
kodak/kodim15.png,cdiff_edge_preservation,0.973068837269,0.9730688372685738,4.261035968511351e-13
kodak/kodim15.png,cdiff_artifact_score,12.2070149195,12.207014919518004,1.800337656732154e-11
kodak/kodim15.png,malvar_psnr,31.1793956607,31.17939566068671,1.3290701872392674e-11
kodak/kodim15.png,malvar_ssim,0.956650202741,0.9566502027408209,1.7907897387203775e-13
kodak/kodim15.png,malvar_delta_e,1.93367602306,1.9336760230624321,2.432054557743868e-12
kodak/kodim15.png,malvar_edge_preservation,0.975377368323,0.9753773683228233,1.7674750552032492e-13
kodak/kodim15.png,malvar_artifact_score,11.2038905338,11.20389053379056,9.439560244572931e-12
kodak/kodim15.png,alleysson_psnr,31.1610309652,31.161030965228974,2.8975932764296886e-11
kodak/kodim15.png,alleysson_ssim,0.962105069527,0.9621050695269815,1.8540724511240114e-14
kodak/kodim15.png,alleysson_delta_e,2.11959153033,2.1195915303310815,1.0813572259849025e-12
kodak/kodim15.png,alleysson_edge_preservation,0.963885155454,0.9638851554544532,4.531930386519889e-13
kodak/kodim15.png,alleysson_artifact_score,11.523870392,11.523870392021177,2.1177726239329786e-11
kodak/kodim15.png,menon_psnr,32.9177646936,32.91776469355103,4.8970605348586105e-11
kodak/kodim15.png,menon_ssim,0.95448989136,0.9544898913595952,4.0478731477833207e-13
kodak/kodim15.png,menon_delta_e,1.51782926564,1.5178292656424432,2.4431567879901195e-12
kodak/kodim15.png,menon_edge_preservation,0.984083875514,0.9840838755142651,2.651212582804874e-13
kodak/kodim15.png,menon_artifact_score,8.24034843309,8.240348433091842,1.8420820424580597e-12
kodak/kodim16.png,edge_density,0.053835550944,0.053835550944010414,1.041527974976475e-14
kodak/kodim16.png,grad_mean,0.0477759113597,0.047775911359721805,2.180200464607651e-14
kodak/kodim16.png,grad_std,0.0601485878073,0.06014858780728034,1.9657886429769178e-14
kodak/kodim16.png,local_tex,0.0406555571412,0.04065555714118691,1.3086753902769033e-14
kodak/kodim16.png,hf_energy,0.00484083755628,0.0048408375562797624,2.3765711620882257e-16
kodak/kodim16.png,colour_variance,67.8007676622,67.8007676621976,2.4016344468691386e-12
kodak/kodim16.png,sat_mean,0.171801595697,0.17180159569676992,2.3006596627794806e-13
kodak/kodim16.png,sat_std,0.101896739255,0.10189673925454226,4.577310752651442e-13
kodak/kodim16.png,noise,0.0371570779534,0.03715707795335369,4.631017791467684e-14
kodak/kodim16.png,nearest_psnr,28.1728446431,28.172844643056035,4.39648317751562e-11
kodak/kodim16.png,nearest_ssim,0.935332601927,0.9353326019271246,1.2467804566540508e-13
kodak/kodim16.png,nearest_delta_e,4.88624420579,4.88624420578824,1.759481449425948e-12
kodak/kodim16.png,nearest_edge_preservation,0.929722844253,0.9297228442528224,1.7763568394002505e-13
kodak/kodim16.png,nearest_artifact_score,18.397431825,18.397431825006965,6.963318810448982e-12
kodak/kodim16.png,bilinear_psnr,30.2790664957,30.279066495654398,4.560263278108323e-11
kodak/kodim16.png,bilinear_ssim,0.939914571093,0.9399145710927154,2.8466118351389014e-13
kodak/kodim16.png,bilinear_delta_e,3.35118247095,3.3511824709480726,1.9273471707492718e-12
kodak/kodim16.png,bilinear_edge_preservation,0.938209162512,0.9382091625119308,6.927791673660977e-14
kodak/kodim16.png,bilinear_artifact_score,13.211277968,13.211277967974507,2.5492497002232994e-11
kodak/kodim16.png,cdiff_psnr,31.5407345685,31.540734568525565,2.5565327632648405e-11
kodak/kodim16.png,cdiff_ssim,0.95795121953,0.9579512195303648,3.6481928589182644e-13
kodak/kodim16.png,cdiff_delta_e,2.75407864831,2.7540786483139095,3.909317314310101e-12
kodak/kodim16.png,cdiff_edge_preservation,0.959310917539,0.9593109175391333,1.333377852574813e-13
kodak/kodim16.png,cdiff_artifact_score,11.5297121546,11.529712154638084,3.808331427990197e-11
kodak/kodim16.png,malvar_psnr,33.831928499,33.83192849899085,9.15179043659009e-12
kodak/kodim16.png,malvar_ssim,0.981890378261,0.9818903782605488,4.511946372076636e-13
kodak/kodim16.png,malvar_delta_e,2.28649021946,2.286490219463046,3.0460078903615795e-12
kodak/kodim16.png,malvar_edge_preservation,0.984481570461,0.9844815704608859,1.141309269314661e-13
kodak/kodim16.png,malvar_artifact_score,8.45256872742,8.452568727422289,2.289723965986923e-12
kodak/kodim16.png,alleysson_psnr,32.2444888737,32.244488873696994,3.0055957722652238e-12
kodak/kodim16.png,alleysson_ssim,0.964209473237,0.9642094732373243,3.2429614549300823e-13
kodak/kodim16.png,alleysson_delta_e,2.69048455917,2.690484559165629,4.371170092554166e-12
kodak/kodim16.png,alleysson_edge_preservation,0.950474239635,0.9504742396349032,9.681144774731365e-14
kodak/kodim16.png,alleysson_artifact_score,10.2000289016,10.20002890164108,4.108002826797019e-11
kodak/kodim16.png,menon_psnr,38.8235223066,38.82352230656112,3.888089850079268e-11
kodak/kodim16.png,menon_ssim,0.993167505982,0.9931675059819922,7.771561172376096e-15
kodak/kodim16.png,menon_delta_e,1.3576383827,1.3576383826970229,2.9771740628348198e-12
kodak/kodim16.png,menon_edge_preservation,0.996611509186,0.996611509186002,1.9984014443252818e-15
kodak/kodim16.png,menon_artifact_score,4.32008707843,4.320087078425538,4.462208380573429e-12
kodak/kodim17.png,edge_density,0.0728988647461,0.07289886474609375,6.2450045135165055e-15
kodak/kodim17.png,grad_mean,0.0471875296173,0.04718752961734705,4.704570066849101e-14
kodak/kodim17.png,grad_std,0.0684703542345,0.06847035423447739,2.260691633892975e-14
kodak/kodim17.png,local_tex,0.0472503447823,0.04725034478230585,5.8494875609937935e-15
kodak/kodim17.png,hf_energy,0.00506080417754,0.005060804177539034,9.662409761190816e-16
kodak/kodim17.png,colour_variance,56.2263578041,56.22635780405639,4.360600769359735e-11
kodak/kodim17.png,sat_mean,0.2486243954,0.24862439540040096,4.009570453433753e-13
kodak/kodim17.png,sat_std,0.192738140616,0.1927381406163047,3.047007091083742e-13
kodak/kodim17.png,noise,0.0344587663401,0.034458766340074276,2.5722479701784096e-14
kodak/kodim17.png,nearest_psnr,28.2787037077,28.278703707696824,3.176126028847648e-12
kodak/kodim17.png,nearest_ssim,0.930178808013,0.9301788080126603,3.397282455352979e-13
kodak/kodim17.png,nearest_delta_e,4.41339030489,4.413390304890782,7.815970093361102e-13
kodak/kodim17.png,nearest_edge_preservation,0.926065639587,0.926065639587043,4.3076653355456074e-14
kodak/kodim17.png,nearest_artifact_score,19.5142018829,19.514201882862828,3.717204322128964e-11
kodak/kodim17.png,bilinear_psnr,31.516620584,31.516620583962975,3.702638196045882e-11
kodak/kodim17.png,bilinear_ssim,0.963508321983,0.9635083219834455,4.455324997820753e-13
kodak/kodim17.png,bilinear_delta_e,2.7898122019,2.789812201902509,2.5091040356528538e-12
kodak/kodim17.png,bilinear_edge_preservation,0.965261716853,0.9652617168531532,1.532107773982716e-13
kodak/kodim17.png,bilinear_artifact_score,11.9329439435,11.932943943511846,1.184652376196027e-11
kodak/kodim17.png,cdiff_psnr,32.7495542187,32.7495542187159,1.5901946426311042e-11
kodak/kodim17.png,cdiff_ssim,0.972021217249,0.972021217249135,1.3500311979441904e-13
kodak/kodim17.png,cdiff_delta_e,2.37719729857,2.3771972985666925,3.3075764349632664e-12
kodak/kodim17.png,cdiff_edge_preservation,0.977984027907,0.977984027907474,4.739542092124793e-13
kodak/kodim17.png,cdiff_artifact_score,10.3060003875,10.30600038749166,8.339995360984176e-12
kodak/kodim17.png,malvar_psnr,34.2417462206,34.24174622055162,4.838085487790522e-11
kodak/kodim17.png,malvar_ssim,0.986859810002,0.9868598100017133,2.866595849582154e-13
kodak/kodim17.png,malvar_delta_e,2.0064007683,2.006400768303543,3.5433878053936496e-12
kodak/kodim17.png,malvar_edge_preservation,0.989517150861,0.9895171508613627,3.6270986214503864e-13
kodak/kodim17.png,malvar_artifact_score,7.98267971353,7.982679713527791,2.2088997297942115e-12
kodak/kodim17.png,alleysson_psnr,33.9879754778,33.98797547776062,3.937827841582475e-11
kodak/kodim17.png,alleysson_ssim,0.979202206991,0.9792022069905049,4.951594689828198e-13
kodak/kodim17.png,alleysson_delta_e,2.20962550659,2.2096255065887966,1.2034817586936697e-12
kodak/kodim17.png,alleysson_edge_preservation,0.979034434728,0.9790344347280492,4.9182879990894435e-14
kodak/kodim17.png,alleysson_artifact_score,8.64884889648,8.648848896475055,4.945377440890297e-12
kodak/kodim17.png,menon_psnr,36.3944295723,36.39442957231174,1.1745271422114456e-11
kodak/kodim17.png,menon_ssim,0.990536698575,0.9905366985749385,6.150635556423367e-14
kodak/kodim17.png,menon_delta_e,1.51031377382,1.5103137738221335,2.133404564119701e-12
kodak/kodim17.png,menon_edge_preservation,0.994154814034,0.9941548140341107,1.1068923555512811e-13
kodak/kodim17.png,menon_artifact_score,5.63397334974,5.633973349744988,4.988010005035903e-12
kodak/kodim18.png,edge_density,0.122395833333,0.12239583333333333,3.3333058535589544e-13
kodak/kodim18.png,grad_mean,0.0764162028866,0.07641620288661367,1.366962099069724e-14
kodak/kodim18.png,grad_std,0.0900658769716,0.09006587697155732,4.2674197509029455e-14
kodak/kodim18.png,local_tex,0.0656254415813,0.06562544158125223,4.776734563449736e-14
kodak/kodim18.png,hf_energy,0.0168915697483,0.01689156974825222,4.7781223422305175e-14
kodak/kodim18.png,colour_variance,235.552271968,235.55227196783756,1.624584911041893e-10
kodak/kodim18.png,sat_mean,0.391656829886,0.3916568298859819,1.8096635301390052e-14
kodak/kodim18.png,sat_std,0.244942474244,0.2449424742435192,4.808098363895397e-13
kodak/kodim18.png,noise,0.064346622297,0.06434662229699782,2.1788126858268697e-15
kodak/kodim18.png,nearest_psnr,24.3922071538,24.392207153842648,4.264677500032121e-11
kodak/kodim18.png,nearest_ssim,0.873256233785,0.8732562337851829,1.829647544582258e-13
kodak/kodim18.png,nearest_delta_e,6.41425046631,6.414250466307268,2.7320368189975852e-12
kodak/kodim18.png,nearest_edge_preservation,0.890751425385,0.8907514253845343,4.656275365277907e-13
kodak/kodim18.png,nearest_artifact_score,29.4911857061,29.49118570610606,6.057376822354854e-12
kodak/kodim18.png,bilinear_psnr,27.5413688425,27.54136884246761,3.239009060962417e-11
kodak/kodim18.png,bilinear_ssim,0.935349565491,0.9353495654912289,2.289279876777073e-13
kodak/kodim18.png,bilinear_delta_e,4.1912799945,4.191279994500385,3.8458125573015423e-13
kodak/kodim18.png,bilinear_edge_preservation,0.956168502548,0.9561685025477412,2.58792987040124e-13
kodak/kodim18.png,bilinear_artifact_score,18.1535330265,18.153533026474385,2.5615065624151612e-11
kodak/kodim18.png,cdiff_psnr,28.4000473464,28.400047346413416,1.3415046851150692e-11
kodak/kodim18.png,cdiff_ssim,0.951716845215,0.9517168452152283,2.282618538629322e-13
kodak/kodim18.png,cdiff_delta_e,3.68885725995,3.6888572599521416,2.141842259106852e-12
kodak/kodim18.png,cdiff_edge_preservation,0.968558338545,0.9685583385445014,4.986011603591578e-13
kodak/kodim18.png,cdiff_artifact_score,16.5919584435,16.591958443465835,3.416644744902442e-11
kodak/kodim18.png,malvar_psnr,29.4282065374,29.428206537438882,3.888089850079268e-11
kodak/kodim18.png,malvar_ssim,0.974755657984,0.974755657984057,5.695444116327053e-14
kodak/kodim18.png,malvar_delta_e,3.2578695446,3.2578695446041834,4.18332035678759e-12
kodak/kodim18.png,malvar_edge_preservation,0.982465130587,0.9824651305870303,3.0309088572266774e-14
kodak/kodim18.png,malvar_artifact_score,13.951887752,13.95188775197754,2.2458479520537367e-11
kodak/kodim18.png,alleysson_psnr,29.6085243961,29.608524396105416,5.4143356464919634e-12
kodak/kodim18.png,alleysson_ssim,0.963543978744,0.9635439787442647,2.646771690706373e-13
kodak/kodim18.png,alleysson_delta_e,3.41233760256,3.41233760255859,1.4099832412739488e-12
kodak/kodim18.png,alleysson_edge_preservation,0.970192162931,0.9701921629307471,2.5290880500961066e-13
kodak/kodim18.png,alleysson_artifact_score,14.2641543513,14.264154351301386,1.3855583347321954e-12
kodak/kodim18.png,menon_psnr,30.1060130823,30.106013082308348,8.348877145181177e-12
kodak/kodim18.png,menon_ssim,0.976125641642,0.9761256416418103,1.8973711490843925e-13
kodak/kodim18.png,menon_delta_e,2.89280081532,2.8928008153204523,4.5208281562736374e-13
kodak/kodim18.png,menon_edge_preservation,0.985701840519,0.9857018405192696,2.69562150378988e-13
kodak/kodim18.png,menon_artifact_score,12.7925280955,12.792528095540465,4.0465408801537706e-11
kodak/kodim19.png,edge_density,0.0682220458984,0.0682220458984375,3.749778265671466e-14
kodak/kodim19.png,grad_mean,0.0685192066878,0.06851920668777858,2.1413426587457707e-14
kodak/kodim19.png,grad_std,0.10486950911,0.1048695091098409,1.5909495942878493e-13
kodak/kodim19.png,local_tex,0.0594450224037,0.05944502240372396,2.396000065019166e-14
kodak/kodim19.png,hf_energy,0.00641503297079,0.006415032970787122,2.877906246645523e-15
kodak/kodim19.png,colour_variance,156.473996585,156.47399658467953,3.204831955372356e-10
kodak/kodim19.png,sat_mean,0.277735932434,0.2777359324337196,2.8044233602031454e-13
kodak/kodim19.png,sat_std,0.193092789763,0.19309278976311053,1.1052270210143433e-13
kodak/kodim19.png,noise,0.0473310397739,0.04733103977391485,1.484923295436147e-14
kodak/kodim19.png,nearest_psnr,24.6399663376,24.639966337572073,2.7927882229050738e-11
kodak/kodim19.png,nearest_ssim,0.892787412348,0.8927874123479721,2.786659791809143e-14
kodak/kodim19.png,nearest_delta_e,5.62402555056,5.624025550562809,2.809308341511496e-12
kodak/kodim19.png,nearest_edge_preservation,0.888785256889,0.8887852568886127,3.873568132917171e-13
kodak/kodim19.png,nearest_artifact_score,29.0785366208,29.07853662077199,2.800959464366315e-11
kodak/kodim19.png,bilinear_psnr,27.8466535328,27.84665353280991,9.908518450174597e-12
kodak/kodim19.png,bilinear_ssim,0.936820716561,0.9368207165613407,3.4072744625746054e-13
kodak/kodim19.png,bilinear_delta_e,3.77389870717,3.773898707169641,3.588240815588506e-13
kodak/kodim19.png,bilinear_edge_preservation,0.96633815021,0.9663381502099112,8.881784197001252e-14
kodak/kodim19.png,bilinear_artifact_score,18.3889959467,18.388995946703574,3.574029960873304e-12
kodak/kodim19.png,cdiff_psnr,28.990426574,28.990426573997553,2.447819724693545e-12
kodak/kodim19.png,cdiff_ssim,0.954714906834,0.9547149068344106,4.106714968088454e-13
kodak/kodim19.png,cdiff_delta_e,3.14475356158,3.144753561578078,1.922018100231071e-12
kodak/kodim19.png,cdiff_edge_preservation,0.984105767646,0.9841057676458529,1.4710455076283324e-13
kodak/kodim19.png,cdiff_artifact_score,16.2875173291,16.287517329050498,4.950351240040618e-11
kodak/kodim19.png,malvar_psnr,30.202343586,30.202343585986675,1.3326229009180679e-11
kodak/kodim19.png,malvar_ssim,0.977928030991,0.9779280309912622,2.62234678416462e-13
kodak/kodim19.png,malvar_delta_e,2.71130987493,2.7113098749330367,3.036682016954728e-12
kodak/kodim19.png,malvar_edge_preservation,0.987014917761,0.9870149177609971,2.886579864025407e-15
kodak/kodim19.png,malvar_artifact_score,12.9146434912,12.914643491170954,2.9045210681033495e-11
kodak/kodim19.png,alleysson_psnr,30.4435890243,30.443589024319362,1.936228954946273e-11
kodak/kodim19.png,alleysson_ssim,0.962288704895,0.9622887048948949,1.0502709812953981e-13
kodak/kodim19.png,alleysson_delta_e,3.0215724281,3.0215724280991,8.997247391562269e-13
kodak/kodim19.png,alleysson_edge_preservation,0.975271854525,0.9752718545248829,1.1712852909795402e-13
kodak/kodim19.png,alleysson_artifact_score,13.4707114157,13.470711415661103,3.8896885712347284e-11
kodak/kodim19.png,menon_psnr,32.5313599745,32.53135997450767,7.673861546209082e-12
kodak/kodim19.png,menon_ssim,0.983472114983,0.9834721149826865,3.135269821541442e-13
kodak/kodim19.png,menon_delta_e,2.08903026865,2.089030268651145,1.1448619829934614e-12
kodak/kodim19.png,menon_edge_preservation,0.99537887626,0.9953788762601028,1.028066520802895e-13
kodak/kodim19.png,menon_artifact_score,8.46048758702,8.460487587022396,2.396305376350938e-12
kodak/kodim20.png,edge_density,0.0407257080078,0.0407257080078125,1.2496947920936918e-14
kodak/kodim20.png,grad_mean,0.0394060198601,0.03940601986013872,3.8719027983802334e-14
kodak/kodim20.png,grad_std,0.0879811945569,0.08798119455691818,1.8179902028236938e-14
kodak/kodim20.png,local_tex,0.0387088165011,0.03870881650114032,4.0314973581701e-14
kodak/kodim20.png,hf_energy,0.00159968874656,0.0015996887465612852,1.285213255264317e-15
kodak/kodim20.png,colour_variance,119.085490697,119.08549069659978,4.0022030134423403e-10
kodak/kodim20.png,sat_mean,0.202233700092,0.2022337000917012,2.988165270778609e-13
kodak/kodim20.png,sat_std,0.185746209764,0.18574620976427927,2.7927660184445813e-13
kodak/kodim20.png,noise,0.0145482739077,0.014548273907662284,3.771635781468774e-14
kodak/kodim20.png,nearest_psnr,26.61977831,26.61977830997656,2.3440804852725705e-11
kodak/kodim20.png,nearest_ssim,0.935865177711,0.9358651777105111,4.888311977424564e-13
kodak/kodim20.png,nearest_delta_e,3.49417357247,3.4941735724716207,1.6209256159527285e-12
kodak/kodim20.png,nearest_edge_preservation,0.933952317342,0.9339523173416897,3.1030733538273125e-13
kodak/kodim20.png,nearest_artifact_score,22.2145053946,22.214505394585302,1.4697576489197672e-11
kodak/kodim20.png,bilinear_psnr,29.4105947794,29.41059477940421,4.209965709378594e-12
kodak/kodim20.png,bilinear_ssim,0.961414690139,0.9614146901387325,2.6756374893466273e-13
kodak/kodim20.png,bilinear_delta_e,2.44212396919,2.442123969193802,3.802291814736236e-12
kodak/kodim20.png,bilinear_edge_preservation,0.961117857202,0.9611178572015339,4.661826480401032e-13
kodak/kodim20.png,bilinear_artifact_score,14.8152572035,14.815257203464403,3.559641470474162e-11
kodak/kodim20.png,cdiff_psnr,30.4082785615,30.408278561497667,2.334132886971929e-12
kodak/kodim20.png,cdiff_ssim,0.970174398432,0.9701743984320409,4.085620730620576e-14
kodak/kodim20.png,cdiff_delta_e,2.19633553072,2.196335530722691,2.6911806116913795e-12
kodak/kodim20.png,cdiff_edge_preservation,0.975576613565,0.975576613565489,4.889422200449189e-13
kodak/kodim20.png,cdiff_artifact_score,13.3395546184,13.339554618442703,4.270361841918202e-11
kodak/kodim20.png,malvar_psnr,32.9026235951,32.9026235951393,3.930011871489114e-11
kodak/kodim20.png,malvar_ssim,0.983713732713,0.9837137327131283,1.283417816466681e-13
kodak/kodim20.png,malvar_delta_e,1.89776840226,1.8977684022611878,1.1877165917439925e-12
kodak/kodim20.png,malvar_edge_preservation,0.990777274564,0.9907772745644731,4.730660307927792e-13
kodak/kodim20.png,malvar_artifact_score,9.96919819696,9.969198196955022,4.979128220838902e-12
kodak/kodim20.png,alleysson_psnr,31.3185601624,31.318560162444243,4.424194344210264e-11
kodak/kodim20.png,alleysson_ssim,0.975704626148,0.9757046261475057,4.942712905631197e-13
kodak/kodim20.png,alleysson_delta_e,2.07558316405,2.0755831640535063,3.5060843117662444e-12
kodak/kodim20.png,alleysson_edge_preservation,0.966902019201,0.9669020192009196,8.049116928532385e-14
kodak/kodim20.png,alleysson_artifact_score,11.5756914967,11.575691496696606,3.3928415632544784e-12
kodak/kodim20.png,menon_psnr,34.6243091874,34.62430918743017,3.0169644560373854e-11
kodak/kodim20.png,menon_ssim,0.986589463316,0.9865894633161327,1.3278267374516872e-13
kodak/kodim20.png,menon_delta_e,1.5331235926,1.5331235925954676,4.532374475729739e-12
kodak/kodim20.png,menon_edge_preservation,0.995302234619,0.9953022346194896,4.89608353859694e-13
kodak/kodim20.png,menon_artifact_score,7.74660289513,7.746602895128939,1.0604850331219495e-12
kodak/kodim21.png,edge_density,0.0846989949544,0.08469899495442708,2.7075564013046005e-14
kodak/kodim21.png,grad_mean,0.0657392622424,0.06573926224243994,3.9940273310890007e-14
kodak/kodim21.png,grad_std,0.0965516211209,0.09655162112094268,4.2674197509029455e-14
kodak/kodim21.png,local_tex,0.0580379125168,0.05803791251677424,2.576411306520754e-14
kodak/kodim21.png,hf_energy,0.00691173172452,0.006911731724524939,4.93875773610597e-15
kodak/kodim21.png,colour_variance,188.228774769,188.22877476887635,1.2366285773168784e-10
kodak/kodim21.png,sat_mean,0.260945175679,0.26094517567924663,2.4663604492047853e-13
kodak/kodim21.png,sat_std,0.134470754199,0.1344707541987294,2.706168622523819e-13
kodak/kodim21.png,noise,0.0460236611052,0.04602366110518543,1.457167719820518e-14
kodak/kodim21.png,nearest_psnr,25.0931000099,25.09310000989595,4.050093593832571e-12
kodak/kodim21.png,nearest_ssim,0.920867539749,0.9208675397493873,3.872457909892546e-13
kodak/kodim21.png,nearest_delta_e,5.80276372859,5.802763728588196,1.8038903704109543e-12
kodak/kodim21.png,nearest_edge_preservation,0.936499924322,0.9364999243224267,4.2665870836344766e-13
kodak/kodim21.png,nearest_artifact_score,28.7585177141,28.758517714140424,4.04227762373921e-11
kodak/kodim21.png,bilinear_psnr,27.9707561475,27.970756147525538,2.5536905923218e-11
kodak/kodim21.png,bilinear_ssim,0.946769372308,0.9467693723082713,2.7133850721838826e-13
kodak/kodim21.png,bilinear_delta_e,4.02302834834,4.023028348342739,2.7391422463551862e-12
kodak/kodim21.png,bilinear_edge_preservation,0.961890402906,0.9618904029062102,2.1016521856154213e-13
kodak/kodim21.png,bilinear_artifact_score,19.1407085592,19.140708559182926,1.7074341940315207e-11
kodak/kodim21.png,cdiff_psnr,29.1268489925,29.126848992466822,3.317879304631788e-11
kodak/kodim21.png,cdiff_ssim,0.960361794486,0.9603617944856859,3.140820936664568e-13
kodak/kodim21.png,cdiff_delta_e,3.42946930298,3.42946930298257,2.5699442574023124e-12
kodak/kodim21.png,cdiff_edge_preservation,0.976884475687,0.9768844756867195,2.8044233602031454e-13
kodak/kodim21.png,cdiff_artifact_score,16.9366868135,16.936686813464128,3.587175001484866e-11
kodak/kodim21.png,malvar_psnr,30.5543053674,30.554305367399664,3.375077994860476e-13
kodak/kodim21.png,malvar_ssim,0.980454696755,0.9804546967546823,3.176348073452573e-13
kodak/kodim21.png,malvar_delta_e,2.93734566498,2.937345664982887,2.887023953235257e-12
kodak/kodim21.png,malvar_edge_preservation,0.988512140742,0.9885121407424755,4.755085214469545e-13
kodak/kodim21.png,malvar_artifact_score,13.3459171559,13.345917155944324,4.432365585671505e-11
kodak/kodim21.png,alleysson_psnr,30.255360223,30.255360222987683,1.2317258324401337e-11
kodak/kodim21.png,alleysson_ssim,0.969303245589,0.9693032455893875,3.8746783559417963e-13
kodak/kodim21.png,alleysson_delta_e,3.26856879452,3.268568794518897,1.1031175972675555e-12
kodak/kodim21.png,alleysson_edge_preservation,0.973383876133,0.9733838761326432,3.568256801145253e-13
kodak/kodim21.png,alleysson_artifact_score,14.5669174592,14.566917459182726,1.7275070263167436e-11
kodak/kodim21.png,menon_psnr,33.0094435272,33.00944352723681,3.681321913973079e-11
kodak/kodim21.png,menon_ssim,0.985544580281,0.9855445802807357,2.6434410216324977e-13
kodak/kodim21.png,menon_delta_e,2.16769185026,2.167691850255242,4.758415883543421e-12
kodak/kodim21.png,menon_edge_preservation,0.994260613312,0.994260613311555,4.4497738826976274e-13
kodak/kodim21.png,menon_artifact_score,9.74878885634,9.748788856341886,1.886490963443066e-12
kodak/kodim22.png,edge_density,0.0746765136719,0.074676513671875,2.4993895841873837e-14
kodak/kodim22.png,grad_mean,0.0557133780829,0.05571337808292907,2.906702656346738e-14
kodak/kodim22.png,grad_std,0.0706331155769,0.07063311557689059,9.409140133698202e-15
kodak/kodim22.png,local_tex,0.0478556230634,0.04785562306339436,5.641320743876577e-15
kodak/kodim22.png,hf_energy,0.00502501610594,0.0050250161059436724,3.672409598642901e-15
kodak/kodim22.png,colour_variance,260.275702126,260.2757021264644,4.644107320928015e-10
kodak/kodim22.png,sat_mean,0.331237117903,0.3312371179028509,1.4910295220715852e-13
kodak/kodim22.png,sat_std,0.18265232032,0.18265232032035064,3.5063618675224006e-13
kodak/kodim22.png,noise,0.0469919077132,0.046991907713229426,2.9427849046470556e-14
kodak/kodim22.png,nearest_psnr,26.7944881971,26.794488197114184,1.41824330057716e-11
kodak/kodim22.png,nearest_ssim,0.885996613017,0.8859966130167833,2.1660451210436804e-13
kodak/kodim22.png,nearest_delta_e,4.75363046088,4.753630460880609,6.084022174945858e-13
kodak/kodim22.png,nearest_edge_preservation,0.887405194082,0.887405194082252,2.5202062658991053e-13
kodak/kodim22.png,nearest_artifact_score,21.8797836664,21.879783666384263,1.573852159708622e-11
kodak/kodim22.png,bilinear_psnr,29.9587727814,29.958772781368726,3.127453851448081e-11
kodak/kodim22.png,bilinear_ssim,0.942251287552,0.9422512875524129,4.128919428580957e-13
kodak/kodim22.png,bilinear_delta_e,3.03854542499,3.038545424992049,2.049027614248189e-12
kodak/kodim22.png,bilinear_edge_preservation,0.955126380089,0.9551263800889008,9.914291609902648e-14
kodak/kodim22.png,bilinear_artifact_score,13.5271773996,13.527177399620903,2.0904167286062147e-11
kodak/kodim22.png,cdiff_psnr,30.713963416,30.713963415966333,3.366551482031355e-11
kodak/kodim22.png,cdiff_ssim,0.957419840198,0.9574198401977082,2.9176661087149114e-13
kodak/kodim22.png,cdiff_delta_e,2.66343049371,2.6634304937124025,2.4025226252888388e-12
kodak/kodim22.png,cdiff_edge_preservation,0.970528814365,0.9705288143653987,3.986810881428937e-13
kodak/kodim22.png,cdiff_artifact_score,12.2412734306,12.241273430595799,4.201083925181592e-12
kodak/kodim22.png,malvar_psnr,31.5772498556,31.57724985556932,3.0681235330121126e-11
kodak/kodim22.png,malvar_ssim,0.977389425002,0.9773894250018947,1.0524914273446484e-13
kodak/kodim22.png,malvar_delta_e,2.32882968631,2.3288296863135334,3.533173753567098e-12
kodak/kodim22.png,malvar_edge_preservation,0.982810827182,0.9828108271815738,4.262146191535976e-13
kodak/kodim22.png,malvar_artifact_score,10.1111323414,10.111132341415079,1.5079493209668726e-11
kodak/kodim22.png,alleysson_psnr,31.8749929196,31.874992919641645,4.164490974289947e-11
kodak/kodim22.png,alleysson_ssim,0.966535192383,0.9665351923833356,3.356204203441848e-13
kodak/kodim22.png,alleysson_delta_e,2.46732035844,2.4673203584435814,3.581579477440755e-12
kodak/kodim22.png,alleysson_edge_preservation,0.965524301192,0.9655243011924453,4.453104551771503e-13
kodak/kodim22.png,alleysson_artifact_score,10.5913381957,10.591338195747877,4.787636953551555e-11
kodak/kodim22.png,menon_psnr,32.9082382791,32.9082382791463,4.630607008948573e-11
kodak/kodim22.png,menon_ssim,0.979468588422,0.9794685884217191,2.808864252301646e-13
kodak/kodim22.png,menon_delta_e,2.04589946047,2.045899460466623,3.376854351699876e-12
kodak/kodim22.png,menon_edge_preservation,0.989529185954,0.98952918595443,4.2998937743732313e-13
kodak/kodim22.png,menon_artifact_score,8.44067490108,8.44067490107662,3.3786307085392764e-12
kodak/kodim23.png,edge_density,0.0344670613607,0.034467061360677086,2.2912227670701668e-14
kodak/kodim23.png,grad_mean,0.0316218771837,0.03162187718371585,1.584843367652411e-14
kodak/kodim23.png,grad_std,0.0637281988839,0.06372819888393379,3.37924133120282e-14
kodak/kodim23.png,local_tex,0.0309749892808,0.030974989280760406,3.9593328615694645e-14
kodak/kodim23.png,hf_energy,0.00207180941157,0.002071809411573128,3.1281401080551774e-15
kodak/kodim23.png,colour_variance,854.579693004,854.5796930040026,2.6147972675971687e-12
kodak/kodim23.png,sat_mean,0.435938340099,0.4359383400985935,4.0650816046650107e-13
kodak/kodim23.png,sat_std,0.250101559398,0.2501015593980595,5.950795411990839e-14
kodak/kodim23.png,noise,0.0234001121873,0.023400112187290593,9.405670686746248e-15
kodak/kodim23.png,nearest_psnr,29.8023758324,29.802375832409943,9.944045586962602e-12
kodak/kodim23.png,nearest_ssim,0.951389200468,0.9513892004684642,4.64184246595778e-13
kodak/kodim23.png,nearest_delta_e,2.35901874924,2.3590187492351933,4.806821607417078e-12
kodak/kodim23.png,nearest_edge_preservation,0.945308078863,0.9453080788627963,2.036149027162537e-13
kodak/kodim23.png,nearest_artifact_score,14.4412906715,14.441290671528392,2.8393287720973603e-11
kodak/kodim23.png,bilinear_psnr,33.0265009171,33.02650091707078,2.922462272181292e-11
kodak/kodim23.png,bilinear_ssim,0.978102858651,0.9781028586512828,2.8277380437202737e-13
kodak/kodim23.png,bilinear_delta_e,1.42621111107,1.4262111110746112,4.611200310478125e-12
kodak/kodim23.png,bilinear_edge_preservation,0.962724831181,0.9627248311811775,1.7741363933510002e-13
kodak/kodim23.png,bilinear_artifact_score,8.26995938589,8.269959385893463,3.4638958368304884e-12
kodak/kodim23.png,cdiff_psnr,24.3210691995,24.321069199537284,3.728573005901126e-11
kodak/kodim23.png,cdiff_ssim,0.969581024429,0.9695810244293839,3.8391512191537913e-13
kodak/kodim23.png,cdiff_delta_e,1.88223504621,1.8822350462076305,2.369437979155009e-12
kodak/kodim23.png,cdiff_edge_preservation,0.969808158988,0.9698081589875843,4.156675004196586e-13
kodak/kodim23.png,cdiff_artifact_score,8.24736477247,8.247364772468181,1.8189894035458565e-12
kodak/kodim23.png,malvar_psnr,33.8016847994,33.80168479943157,3.156941374982125e-11
kodak/kodim23.png,malvar_ssim,0.976169005541,0.9761690055413305,3.305133944309091e-13
kodak/kodim23.png,malvar_delta_e,1.22591171671,1.2259117167068387,3.1612490403176707e-12
kodak/kodim23.png,malvar_edge_preservation,0.984243583187,0.9842435831868568,1.432187701766452e-13
kodak/kodim23.png,malvar_artifact_score,7.10167803689,7.101678036885974,4.026112776500668e-12
kodak/kodim23.png,alleysson_psnr,34.2499012128,34.24990121279481,5.186961971048731e-12
kodak/kodim23.png,alleysson_ssim,0.984748337784,0.9847483377835046,4.953815135877448e-13
kodak/kodim23.png,alleysson_delta_e,1.22386600256,1.223866002559092,9.08162434143378e-13
kodak/kodim23.png,alleysson_edge_preservation,0.970554493321,0.9705544933207868,2.1316282072803006e-13
kodak/kodim23.png,alleysson_artifact_score,6.45277940032,6.452779400316867,3.1326052862823417e-12
kodak/kodim23.png,menon_psnr,33.9997252149,33.99972521493574,3.573319418137544e-11
kodak/kodim23.png,menon_ssim,0.972466232751,0.9724662327509929,7.105427357601002e-15
kodak/kodim23.png,menon_delta_e,1.11376957394,1.1137695739414009,1.4008794124720225e-12
kodak/kodim23.png,menon_edge_preservation,0.985655606928,0.9856556069284417,4.4164671919588727e-13
kodak/kodim23.png,menon_artifact_score,6.22305361232,6.2230536123189095,1.0906830993917538e-12
kodak/kodim24.png,edge_density,0.111401875814,0.11140187581380208,1.9792500971504978e-13
kodak/kodim24.png,grad_mean,0.0767160364394,0.07671603643940147,1.4710455076283324e-15
kodak/kodim24.png,grad_std,0.102069434547,0.10206943454691526,8.473777235451507e-14
kodak/kodim24.png,local_tex,0.0684348217556,0.06843482175559755,2.456368441983159e-15
kodak/kodim24.png,hf_energy,0.0104582677224,0.010458267722391997,8.002279394681011e-15
kodak/kodim24.png,colour_variance,90.0474039044,90.04740390444904,4.9041659622162115e-11
kodak/kodim24.png,sat_mean,0.210622892545,0.21062289254457722,4.227729277772596e-13
kodak/kodim24.png,sat_std,0.124973457529,0.1249734575290573,5.728750807065808e-14
kodak/kodim24.png,noise,0.0492331282882,0.04923312828819354,6.46011022453763e-15
kodak/kodim24.png,nearest_psnr,23.4450619291,23.445061929130755,3.0755842317375937e-11
kodak/kodim24.png,nearest_ssim,0.876184266179,0.8761842661794826,4.826139488045555e-13
kodak/kodim24.png,nearest_delta_e,6.51736642804,6.517366428035941,4.058975378029572e-12
kodak/kodim24.png,nearest_edge_preservation,0.903997881878,0.903997881878234,2.34035013590983e-13
kodak/kodim24.png,nearest_artifact_score,33.6864035705,33.68640357049156,8.44124770082999e-12
kodak/kodim24.png,bilinear_psnr,26.4375131992,26.43751319918338,1.6623147303107544e-11
kodak/kodim24.png,bilinear_ssim,0.939963820114,0.9399638201138409,1.5909495942878493e-13
kodak/kodim24.png,bilinear_delta_e,4.30860953832,4.308609538323365,3.3653080322437745e-12
kodak/kodim24.png,bilinear_edge_preservation,0.957634559794,0.9576345597943805,3.8047343053904115e-13
kodak/kodim24.png,bilinear_artifact_score,21.3463364085,21.346336408479473,2.0527579636109294e-11
kodak/kodim24.png,cdiff_psnr,27.5782115957,27.578211595650448,4.955325039190939e-11
kodak/kodim24.png,cdiff_ssim,0.95711413366,0.9571141336603383,3.382849556032852e-13
kodak/kodim24.png,cdiff_delta_e,3.69911619649,3.699116196485599,4.4009240696141205e-12
kodak/kodim24.png,cdiff_edge_preservation,0.970751923881,0.9707519238806023,3.9768188742073107e-13
kodak/kodim24.png,cdiff_artifact_score,19.0500497779,19.05004977794146,4.1460168631601846e-11
kodak/kodim24.png,malvar_psnr,29.2798591788,29.27985917884532,4.532196840045799e-11
kodak/kodim24.png,malvar_ssim,0.982467401793,0.982467401792536,4.639622019908529e-13
kodak/kodim24.png,malvar_delta_e,3.03044621046,3.030446210457253,2.7471358521324873e-12
kodak/kodim24.png,malvar_edge_preservation,0.987442022715,0.9874420227150946,9.459100169806334e-14
kodak/kodim24.png,malvar_artifact_score,14.5040184466,14.504018446621496,2.149569411358243e-11
kodak/kodim24.png,alleysson_psnr,28.8788681757,28.8788681757308,3.080202759520034e-11
kodak/kodim24.png,alleysson_ssim,0.96783329508,0.9678332950797047,2.9531932455029164e-13
kodak/kodim24.png,alleysson_delta_e,3.38609090136,3.3860909013563814,3.61843888185831e-12
kodak/kodim24.png,alleysson_edge_preservation,0.973821139689,0.9738211396892894,2.894351425197783e-13
kodak/kodim24.png,alleysson_artifact_score,16.1728098962,16.172809896165596,3.440447926550405e-11
kodak/kodim24.png,menon_psnr,31.0803177755,31.080317775471404,2.8595792400665232e-11
kodak/kodim24.png,menon_ssim,0.987874856276,0.9878748562758405,1.59539048638635e-13
kodak/kodim24.png,menon_delta_e,2.31564975866,2.3156497586642812,4.281464072164454e-12
kodak/kodim24.png,menon_edge_preservation,0.991943493367,0.9919434933668965,1.035838081975271e-13
kodak/kodim24.png,menon_artifact_score,11.6688929543,11.668892954256165,4.383515772587998e-11
kodak/kodim01.png,edge_density,0.137873331706,0.13787333170572916,2.7083890685730694e-13
kodak/kodim01.png,grad_mean,0.101548564507,0.10154856450745854,4.585359869579975e-13
kodak/kodim01.png,grad_std,0.108726676378,0.10872667637815206,1.52058921010223e-13
kodak/kodim01.png,local_tex,0.0859342163165,0.08593421631652498,2.4980018054066022e-14
kodak/kodim01.png,hf_energy,0.0123193139441,0.012319313944094754,5.245803791353865e-15
kodak/kodim01.png,colour_variance,151.43437004,151.4343700397953,2.0469315131776966e-10
kodak/kodim01.png,sat_mean,0.291861415049,0.2918614150493653,3.6531888625290776e-13
kodak/kodim01.png,sat_std,0.2046691334,0.20466913339950116,4.988509605396985e-13
kodak/kodim01.png,noise,0.103110891321,0.10311089132055622,4.437838985182907e-13
kodak/kodim01.png,nearest_psnr,22.7914733397,22.79147333974924,4.923705887449614e-11
kodak/kodim01.png,nearest_ssim,0.858583049477,0.8585830494772927,2.9265478929119126e-13
kodak/kodim01.png,nearest_delta_e,8.59609109103,8.596091091026356,3.645084234449314e-12
kodak/kodim01.png,nearest_edge_preservation,0.87725134167,0.8772513416702145,2.1449508835758024e-13
kodak/kodim01.png,nearest_artifact_score,32.8426211942,32.84262119417774,2.226130391136394e-11
kodak/kodim01.png,bilinear_psnr,25.7540811222,25.75408112220741,7.410960733977845e-12
kodak/kodim01.png,bilinear_ssim,0.905960077071,0.9059600770707434,2.565725409908737e-13
kodak/kodim01.png,bilinear_delta_e,5.88558245203,5.885582452031009,1.0089706847793423e-12
kodak/kodim01.png,bilinear_edge_preservation,0.953933338498,0.9539333384980385,3.852473895449293e-14
kodak/kodim01.png,bilinear_artifact_score,21.2049428777,21.204942877740198,4.019895527562767e-11
kodak/kodim01.png,cdiff_psnr,27.118890688,27.118890687961656,3.8344438735293807e-11
kodak/kodim01.png,cdiff_ssim,0.934563006417,0.9345630064171784,1.7841284005726266e-13
kodak/kodim01.png,cdiff_delta_e,4.82491718677,4.824917186774376,4.376055073862517e-12
kodak/kodim01.png,cdiff_edge_preservation,0.973662794085,0.9736627940846803,3.197442310920451e-13
kodak/kodim01.png,cdiff_artifact_score,18.1927879491,18.192787949116767,1.6765255850259564e-11
kodak/kodim01.png,malvar_psnr,29.0656871706,29.065687170579018,2.098232698699576e-11
kodak/kodim01.png,malvar_ssim,0.969414966895,0.9694149668948876,1.1235457009206584e-13
kodak/kodim01.png,malvar_delta_e,3.96220917065,3.9622091706533333,3.33333360913457e-12
kodak/kodim01.png,malvar_edge_preservation,0.987089990271,0.9870899902713044,3.044231533522179e-13
kodak/kodim01.png,malvar_artifact_score,13.2279784914,13.22797849143235,3.234923440231796e-11
kodak/kodim01.png,alleysson_psnr,28.3993837541,28.399383754094828,5.172751116333529e-12
kodak/kodim01.png,alleysson_ssim,0.945916499575,0.9459164995747011,2.9887203822909214e-13
kodak/kodim01.png,alleysson_delta_e,4.64665379807,4.64665379807123,1.2301271112846734e-12
kodak/kodim01.png,alleysson_edge_preservation,0.965671355862,0.9656713558624545,4.5441428397907657e-13
kodak/kodim01.png,alleysson_artifact_score,15.3859879288,15.385987928770962,2.9038105253675894e-11
kodak/kodim01.png,menon_psnr,32.3138695612,32.313869561217224,1.722355591482483e-11
kodak/kodim01.png,menon_ssim,0.982046999714,0.9820469997135032,4.968248035197576e-13
kodak/kodim01.png,menon_delta_e,2.64224346936,2.6422434693645225,4.522604513113038e-12
kodak/kodim01.png,menon_edge_preservation,0.994981730707,0.9949817307067885,2.1149748619109232e-13
kodak/kodim01.png,menon_artifact_score,8.29178815932,8.291788159321182,1.1830536550405668e-12
kodak/kodim02.png,edge_density,0.0356953938802,0.035695393880208336,8.333611578592581e-15
kodak/kodim02.png,grad_mean,0.0368537652458,0.036853765245779754,2.0247692411601292e-14
kodak/kodim02.png,grad_std,0.0530316728361,0.05303167283609977,2.2898349882893854e-16
kodak/kodim02.png,local_tex,0.0320220683557,0.03202206835569147,8.527900607901984e-15
kodak/kodim02.png,hf_energy,0.0062349150929,0.0062349150929032855,3.2855662635000726e-15
kodak/kodim02.png,colour_variance,160.539648169,160.53964816916877,1.68768110597739e-10
kodak/kodim02.png,sat_mean,0.781512880688,0.7815128806879618,3.8191672047105385e-14
kodak/kodim02.png,sat_std,0.137156602807,0.1371566028072096,2.0958235147361393e-13
kodak/kodim02.png,noise,0.0329351295457,0.032935129545690764,9.235667786100521e-15
kodak/kodim02.png,nearest_psnr,29.0416545317,29.041654531746634,4.6632919747935375e-11
kodak/kodim02.png,nearest_ssim,0.904086911401,0.904086911401441,4.410916076835747e-13
kodak/kodim02.png,nearest_delta_e,2.53861620074,2.5386162007356727,4.32720526077901e-12
kodak/kodim02.png,nearest_edge_preservation,0.903561050164,0.9035610501640432,4.318767565791859e-14
kodak/kodim02.png,nearest_artifact_score,16.467907349,16.467907349015924,1.5923262708383845e-11
kodak/kodim02.png,bilinear_psnr,31.8446700587,31.844670058676954,2.304645363437885e-11
kodak/kodim02.png,bilinear_ssim,0.943910764121,0.9439107641207581,2.418065747633591e-13
kodak/kodim02.png,bilinear_delta_e,1.65386208854,1.6538620885389104,1.0895728763671286e-12
kodak/kodim02.png,bilinear_edge_preservation,0.938464974841,0.938464974841471,4.709566070459914e-13
kodak/kodim02.png,bilinear_artifact_score,11.1021680047,11.102168004678244,2.1755042212134867e-11
kodak/kodim02.png,cdiff_psnr,32.7540369165,32.75403691648036,1.963940121640917e-11
kodak/kodim02.png,cdiff_ssim,0.956050372096,0.9560503720963951,3.951283744640932e-13
kodak/kodim02.png,cdiff_delta_e,1.50435672331,1.5043567233077715,2.2284396550276142e-12
kodak/kodim02.png,cdiff_edge_preservation,0.951673362941,0.9516733629406579,3.4217073618947325e-13
kodak/kodim02.png,cdiff_artifact_score,10.1393581607,10.139358160681851,1.814903782815236e-11
kodak/kodim02.png,malvar_psnr,30.2851517606,30.28515176056455,3.54525298007502e-11
kodak/kodim02.png,malvar_ssim,0.899722683054,0.8997226830540855,8.548717289613705e-14
kodak/kodim02.png,malvar_delta_e,1.90967717979,1.9096771797903047,3.0464519795714295e-13
kodak/kodim02.png,malvar_edge_preservation,0.931221418602,0.9312214186017305,2.69562150378988e-13
kodak/kodim02.png,malvar_artifact_score,12.0176318359,12.017631835868848,3.115196989256219e-11
kodak/kodim02.png,alleysson_psnr,31.7575806031,31.757580603143353,4.335376502240251e-11
kodak/kodim02.png,alleysson_ssim,0.952147502078,0.9521475020778486,1.5143442055887135e-13
kodak/kodim02.png,alleysson_delta_e,1.91528232758,1.9152823275809376,9.376943665984072e-13
kodak/kodim02.png,alleysson_edge_preservation,0.930946217893,0.9309462178932868,2.8677060726067793e-13
kodak/kodim02.png,alleysson_artifact_score,10.3167032496,10.316703249618097,1.8097523479809752e-11
kodak/kodim02.png,menon_psnr,31.1267901239,31.12679012392364,2.3639756818738533e-11
kodak/kodim02.png,menon_ssim,0.893488535678,0.8934885356784145,4.1444625509257094e-13
kodak/kodim02.png,menon_delta_e,1.6657754893,1.665775489298584,1.4159784456069247e-12
kodak/kodim02.png,menon_edge_preservation,0.947919695534,0.947919695533599,4.0101255649460654e-13
kodak/kodim02.png,menon_artifact_score,10.3931046026,10.393104602574322,2.567723811353062e-11
kodak/kodim03.png,edge_density,0.0383936564128,0.038393656412760414,3.958638972179074e-14
kodak/kodim03.png,grad_mean,0.0335151419728,0.03351514197279486,5.141720382795256e-15
kodak/kodim03.png,grad_std,0.0584691024086,0.05846910240862713,2.7124136270373356e-14
kodak/kodim03.png,local_tex,0.0325955099141,0.032595509914121544,2.1545265571631944e-14
kodak/kodim03.png,hf_energy,0.00295432922066,0.0029543292206636105,3.61039323437673e-15
kodak/kodim03.png,colour_variance,607.179995014,607.1799950141346,1.3460521586239338e-10
kodak/kodim03.png,sat_mean,0.387241754983,0.3872417549829416,5.839773109528323e-14
kodak/kodim03.png,sat_std,0.266583435639,0.2665834356390623,6.228351168147128e-14
kodak/kodim03.png,noise,0.0223335664312,0.02233356643122214,2.2142010447367966e-14
kodak/kodim03.png,nearest_psnr,30.1159960897,30.11599608974369,4.368772010820976e-11
kodak/kodim03.png,nearest_ssim,0.953427000099,0.9534270000993407,3.4061642395499803e-13
kodak/kodim03.png,nearest_delta_e,2.74016945931,2.7401694593073085,2.6916247009012295e-12
kodak/kodim03.png,nearest_edge_preservation,0.943791695445,0.9437916954448614,1.3855583347321954e-13
kodak/kodim03.png,nearest_artifact_score,15.4151080556,15.415108055589963,1.0036416142611415e-11
kodak/kodim03.png,bilinear_psnr,32.6909396265,32.690939626495265,4.732214620162267e-12
kodak/kodim03.png,bilinear_ssim,0.965495672479,0.965495672479241,2.4091839634365897e-13
kodak/kodim03.png,bilinear_delta_e,1.76236623169,1.7623662316862185,3.781419621873283e-12
kodak/kodim03.png,bilinear_edge_preservation,0.951616528972,0.951616528972304,3.0397906414236786e-13
kodak/kodim03.png,bilinear_artifact_score,10.1216720877,10.121672087656478,4.3522518922145537e-11
kodak/kodim03.png,cdiff_psnr,28.7519696899,28.751969689939692,3.9690917219559196e-11
kodak/kodim03.png,cdiff_ssim,0.971037343126,0.9710373431261342,1.3422596367718143e-13
kodak/kodim03.png,cdiff_delta_e,1.70451326959,1.7045132695945089,4.508837747607686e-12
kodak/kodim03.png,cdiff_edge_preservation,0.961532972728,0.9615329727276151,3.8491432263754177e-13
kodak/kodim03.png,cdiff_artifact_score,10.7182850036,10.718285003551536,4.8464343649357033e-11
kodak/kodim03.png,malvar_psnr,33.480327596,33.480327596017545,1.7543300145916874e-11
kodak/kodim03.png,malvar_ssim,0.980341659163,0.9803416591628482,1.517674874662589e-13
kodak/kodim03.png,malvar_delta_e,1.36830683321,1.3683068332134736,3.4736657994471898e-12
kodak/kodim03.png,malvar_edge_preservation,0.982094385575,0.9820943855747074,2.9254376698872875e-13
kodak/kodim03.png,malvar_artifact_score,7.85906173448,7.859061734480058,5.773159728050814e-14
kodak/kodim03.png,alleysson_psnr,33.6207424462,33.62074244617039,2.9608315799123375e-11
kodak/kodim03.png,alleysson_ssim,0.978153910272,0.9781539102717737,2.2637447472106942e-13
kodak/kodim03.png,alleysson_delta_e,1.49794487496,1.4979448749596573,3.426148253993233e-13
kodak/kodim03.png,alleysson_edge_preservation,0.960351991485,0.9603519914847375,2.62456723021387e-13
kodak/kodim03.png,alleysson_artifact_score,8.23107368829,8.231073688287236,2.7640112421067897e-12
kodak/kodim03.png,menon_psnr,34.2324767215,34.23247672148292,1.708144736767281e-11
kodak/kodim03.png,menon_ssim,0.983278107705,0.9832781077046746,3.254063685176334e-13
kodak/kodim03.png,menon_delta_e,1.12549897838,1.1254989783802578,2.5779378631796135e-13
kodak/kodim03.png,menon_edge_preservation,0.989537583047,0.989537583047181,1.8096635301390052e-13
kodak/kodim03.png,menon_artifact_score,6.38451415656,6.384514156561799,1.7994494783124537e-12
kodak/kodim04.png,edge_density,0.0520553588867,0.05205535888671875,1.874889132835733e-14
kodak/kodim04.png,grad_mean,0.0437454110958,0.04374541109582894,2.894212647319705e-14
kodak/kodim04.png,grad_std,0.0595623610156,0.05956236101563594,3.5936531528335536e-14
kodak/kodim04.png,local_tex,0.0406826627283,0.04068266272833936,3.9364345116865707e-14
kodak/kodim04.png,hf_energy,0.00330147083766,0.003301470837664501,4.50117373929082e-15
kodak/kodim04.png,colour_variance,344.946500032,344.94650003238905,3.8903635868337005e-10
kodak/kodim04.png,sat_mean,0.450988661741,0.45098866174056845,4.3154368967179835e-13
kodak/kodim04.png,sat_std,0.225021357569,0.22502135756949138,4.913847106990943e-13
kodak/kodim04.png,noise,0.0353139689279,0.03531396892788972,1.0283440765590512e-14
kodak/kodim04.png,nearest_psnr,28.7034095834,28.703409583423223,2.3224089318318875e-11
kodak/kodim04.png,nearest_ssim,0.912775932041,0.9127759320406322,3.6781688805831436e-13
kodak/kodim04.png,nearest_delta_e,3.33058854286,3.3305885428571034,2.8967939158519584e-12
kodak/kodim04.png,nearest_edge_preservation,0.874858251589,0.8748582515893631,3.631539513548887e-13
kodak/kodim04.png,nearest_artifact_score,17.6953919326,17.695391932613113,1.3113066188452649e-11
kodak/kodim04.png,bilinear_psnr,32.2818359012,32.28183590116229,3.770850298678852e-11
kodak/kodim04.png,bilinear_ssim,0.955195872901,0.9551958729013202,3.2018832030189515e-13
kodak/kodim04.png,bilinear_delta_e,2.05381459516,2.0538145951554676,4.532374475729739e-12
kodak/kodim04.png,bilinear_edge_preservation,0.95554091142,0.9555409114198757,1.2423395645555502e-13
kodak/kodim04.png,bilinear_artifact_score,10.3136187572,10.313618757220157,2.0156321056674642e-11
kodak/kodim04.png,cdiff_psnr,33.769191347,33.76919134699073,9.272582701669307e-12
kodak/kodim04.png,cdiff_ssim,0.964533137964,0.9645331379643132,3.1319391524675666e-13
kodak/kodim04.png,cdiff_delta_e,1.70217634436,1.7021763443566948,3.305133944309091e-12
kodak/kodim04.png,cdiff_edge_preservation,0.967320159644,0.9673201596438332,1.667554982986985e-13
kodak/kodim04.png,cdiff_artifact_score,8.9208585327,8.920858532703246,3.2454039455842576e-12
kodak/kodim04.png,malvar_psnr,32.1990489524,32.199048952444855,4.4856562908535125e-11
kodak/kodim04.png,malvar_ssim,0.949920384094,0.9499203840936082,3.9179770539021774e-13
kodak/kodim04.png,malvar_delta_e,1.71765393224,1.7176539322402433,2.433608869978343e-13
kodak/kodim04.png,malvar_edge_preservation,0.96548946582,0.9654894658197531,2.468025783741723e-13
kodak/kodim04.png,malvar_artifact_score,9.95020586613,9.950205866127401,2.5988100560425664e-12
kodak/kodim04.png,alleysson_psnr,33.7094442946,33.709444294629726,2.972910806420259e-11
kodak/kodim04.png,alleysson_ssim,0.97073602797,0.9707360279702818,2.8177460364986473e-13
kodak/kodim04.png,alleysson_delta_e,1.74348728843,1.7434872884341726,4.172662215751188e-12
kodak/kodim04.png,alleysson_edge_preservation,0.961855786141,0.9618557861411241,1.241229341530925e-13
kodak/kodim04.png,alleysson_artifact_score,8.29425096892,8.294250968924928,4.927613872496295e-12
kodak/kodim04.png,menon_psnr,32.4312355257,32.43123552567426,2.573585788923083e-11
kodak/kodim04.png,menon_ssim,0.942330562684,0.9423305626841854,1.8540724511240114e-13
kodak/kodim04.png,menon_delta_e,1.47562733717,1.475627337172475,2.475131211099324e-12
kodak/kodim04.png,menon_edge_preservation,0.966566469387,0.9665664693871155,1.155742168634788e-13
kodak/kodim04.png,menon_artifact_score,9.02998032632,9.029980326321288,1.2878587085651816e-12
kodak/kodim05.png,edge_density,0.151542663574,0.15154266357421875,2.1874169142677147e-13
kodak/kodim05.png,grad_mean,0.105833847727,0.10583384772690092,9.907352715998741e-14
kodak/kodim05.png,grad_std,0.122615787887,0.12261578788694917,5.0834336740024355e-14
kodak/kodim05.png,local_tex,0.099041550236,0.09904155023597129,2.871314297436811e-14
kodak/kodim05.png,hf_energy,0.0181015339353,0.018101533935344548,4.4547698863084406e-14
kodak/kodim05.png,colour_variance,251.133277286,251.13327728552588,4.741309567179997e-10
kodak/kodim05.png,sat_mean,0.34086558338,0.34086558337967743,3.2257529980483923e-13
kodak/kodim05.png,sat_std,0.211560382291,0.2115603822910379,3.7914116290949096e-14
kodak/kodim05.png,noise,0.0704903190485,0.07049031904854468,4.4672598953354736e-14
kodak/kodim05.png,nearest_psnr,22.5899235879,22.589923587925227,2.5227819833162357e-11
kodak/kodim05.png,nearest_ssim,0.881349010793,0.8813490107934766,4.766187444715797e-13
kodak/kodim05.png,nearest_delta_e,8.30147670808,8.301476708082278,2.2790658249505213e-12
kodak/kodim05.png,nearest_edge_preservation,0.90861287908,0.9086128790802955,2.9554136915521667e-13
kodak/kodim05.png,nearest_artifact_score,37.7219973012,37.72199730118836,1.1638690011750441e-11
kodak/kodim05.png,bilinear_psnr,25.8286422059,25.828642205916765,1.6765255850259564e-11
kodak/kodim05.png,bilinear_ssim,0.937071612662,0.9370716126624274,4.2743586448068527e-13
kodak/kodim05.png,bilinear_delta_e,5.46015084711,5.460150847109734,2.6645352591003757e-13
kodak/kodim05.png,bilinear_edge_preservation,0.950913457487,0.9509134574869227,7.72715225139109e-14
kodak/kodim05.png,bilinear_artifact_score,23.2922870344,23.292287034400623,6.217248937900877e-13
kodak/kodim05.png,cdiff_psnr,26.8544383818,26.854438381797443,2.5579538487363607e-12
kodak/kodim05.png,cdiff_ssim,0.953143037463,0.9531430374625962,4.0378811405616943e-13
kodak/kodim05.png,cdiff_delta_e,4.99502837377,4.995028373766896,3.1041835768519377e-12
kodak/kodim05.png,cdiff_edge_preservation,0.968224237719,0.9682242377191033,1.0325074129013956e-13
kodak/kodim05.png,cdiff_artifact_score,20.2583093338,20.25830933382981,2.9810820478815003e-11
kodak/kodim05.png,malvar_psnr,28.8962858278,28.896285827755655,4.434497213878785e-11
kodak/kodim05.png,malvar_ssim,0.97607677943,0.976076779430093,9.29256671611256e-14
kodak/kodim05.png,malvar_delta_e,3.98373812299,3.983738122990141,1.4077627952246985e-13
kodak/kodim05.png,malvar_edge_preservation,0.987987062333,0.9879870623330432,4.318767565791859e-14
kodak/kodim05.png,malvar_artifact_score,14.9424882086,14.942488208559817,4.0182968064073066e-11
kodak/kodim05.png,alleysson_psnr,28.4501123067,28.450112306671386,2.8613555969059234e-11
kodak/kodim05.png,alleysson_ssim,0.967710271303,0.9677102713025346,4.654054919228656e-13
kodak/kodim05.png,alleysson_delta_e,4.35598570983,4.35598570983498,4.980016399258602e-12
kodak/kodim05.png,alleysson_edge_preservation,0.969720658117,0.9697206581166679,3.3217872896784684e-13
kodak/kodim05.png,alleysson_artifact_score,16.7714133163,16.77141331634511,4.511235829340876e-11
kodak/kodim05.png,menon_psnr,31.6411059501,31.641105950055145,4.4853010194856324e-11
kodak/kodim05.png,menon_ssim,0.984354393114,0.9843543931140013,1.3322676295501878e-15
kodak/kodim05.png,menon_delta_e,2.81119703763,2.8111970376252198,4.780176254826074e-12
kodak/kodim05.png,menon_edge_preservation,0.994556951317,0.9945569513170323,3.2307490016592055e-14
kodak/kodim05.png,menon_artifact_score,9.96790071614,9.96790071613958,4.2099657093785936e-13
kodak/kodim06.png,edge_density,0.0930048624674,0.09300486246744792,4.792000130038332e-14
kodak/kodim06.png,grad_mean,0.0748133445112,0.0748133445111944,5.6066262743570405e-15
kodak/kodim06.png,grad_std,0.0940926968858,0.09409269688583713,3.712308238590367e-14
kodak/kodim06.png,local_tex,0.0626537086165,0.06265370861654208,4.207745263329343e-14
kodak/kodim06.png,hf_energy,0.0059259329101,0.005925932910095361,4.638650574761982e-15
kodak/kodim06.png,colour_variance,83.9812621821,83.98126218209077,9.2228447101661e-12
kodak/kodim06.png,sat_mean,0.254947614302,0.25494761430230045,3.0042635046356736e-13
kodak/kodim06.png,sat_std,0.0984800443088,0.09848004430880683,6.827871601444713e-15
kodak/kodim06.png,noise,0.0601246738893,0.060124673889334894,3.489569744274945e-14
kodak/kodim06.png,nearest_psnr,24.4675590169,24.46755901685415,4.5851322738599265e-11
kodak/kodim06.png,nearest_ssim,0.912281151324,0.9122811513242914,2.914335439641036e-13
kodak/kodim06.png,nearest_delta_e,5.87517030243,5.875170302432042,2.041922186890588e-12
kodak/kodim06.png,nearest_edge_preservation,0.923419140853,0.9234191408525685,4.3154368967179835e-13
kodak/kodim06.png,nearest_artifact_score,27.7492320807,27.749232080695332,4.668265773943858e-12
kodak/kodim06.png,bilinear_psnr,27.1989751569,27.19897515690995,9.947598300641403e-12
kodak/kodim06.png,bilinear_ssim,0.924927490427,0.9249274904268908,1.0913492332065289e-13
kodak/kodim06.png,bilinear_delta_e,4.04086451947,4.040864519472039,2.0383694732117874e-12
kodak/kodim06.png,bilinear_edge_preservation,0.953290134828,0.9532901348284105,4.105604745063829e-13
kodak/kodim06.png,bilinear_artifact_score,18.8030241447,18.803024144665727,3.427302885938843e-11
kodak/kodim06.png,cdiff_psnr,27.9613381734,27.961338173398314,1.687538997430238e-12
kodak/kodim06.png,cdiff_ssim,0.947566017081,0.9475660170810916,9.159339953157541e-14
kodak/kodim06.png,cdiff_delta_e,3.44753089336,3.4475308933622943,2.2941648580854235e-12
kodak/kodim06.png,cdiff_edge_preservation,0.97204542308,0.9720454230801743,1.7430501486614958e-13
kodak/kodim06.png,cdiff_artifact_score,16.9246661407,16.924666140735486,3.5484504223859403e-11
kodak/kodim06.png,malvar_psnr,29.8439324444,29.84393244443003,3.0031088726900634e-11
kodak/kodim06.png,malvar_ssim,0.977738098077,0.9777380980773289,3.289590821964339e-13
kodak/kodim06.png,malvar_delta_e,2.80133511698,2.8013351169804666,4.667377595524158e-13
kodak/kodim06.png,malvar_edge_preservation,0.986502885231,0.9865028852307653,2.347011474057581e-13
kodak/kodim06.png,malvar_artifact_score,12.6383041875,12.638304187457198,4.2801318045349035e-11
kodak/kodim06.png,alleysson_psnr,29.4324895085,29.432489508461508,3.849365270980343e-11
kodak/kodim06.png,alleysson_ssim,0.956669076512,0.9566690765121592,1.5920598173124745e-13
kodak/kodim06.png,alleysson_delta_e,3.19210917502,3.1921091750200947,9.459100169806334e-14
kodak/kodim06.png,alleysson_edge_preservation,0.965747417667,0.9657474176672443,2.4424906541753444e-13
kodak/kodim06.png,alleysson_artifact_score,14.3000293109,14.3000293109361,3.610090004713129e-11
kodak/kodim06.png,menon_psnr,32.706695982,32.70669598201864,1.8637535958987428e-11
kodak/kodim06.png,menon_ssim,0.989654354442,0.9896543544424092,4.092282068768327e-13
kodak/kodim06.png,menon_delta_e,1.86285696338,1.8628569633834895,3.489430966396867e-12
kodak/kodim06.png,menon_edge_preservation,0.995188781837,0.995188781836831,1.6897594434794883e-13
kodak/kodim06.png,menon_artifact_score,8.37532347877,8.37532347876844,1.55964130499342e-12
kodak/kodim07.png,edge_density,0.0882797241211,0.08827972412109375,6.2450045135165055e-15
kodak/kodim07.png,grad_mean,0.0525980201654,0.0525980201654447,4.4700354528970365e-14
kodak/kodim07.png,grad_std,0.0775686218118,0.07756862181175768,4.232725281383409e-14
kodak/kodim07.png,local_tex,0.0534118271806,0.0534118271805537,4.6303239020772935e-14
kodak/kodim07.png,hf_energy,0.00275489959841,0.0027548995984082317,1.7681169028893606e-15
kodak/kodim07.png,colour_variance,199.337592873,199.33759287331316,3.1315039450419135e-10
kodak/kodim07.png,sat_mean,0.312161654494,0.3121616544940548,5.4789506265251475e-14
kodak/kodim07.png,sat_std,0.227203293131,0.2272032931308337,1.6628365351323282e-13
kodak/kodim07.png,noise,0.0256953972937,0.025695397293668404,3.1596253391441564e-14
kodak/kodim07.png,nearest_psnr,27.9405128811,27.940512881108063,8.064660050877137e-12
kodak/kodim07.png,nearest_ssim,0.947766574741,0.9477665747409256,7.438494264988549e-14
kodak/kodim07.png,nearest_delta_e,3.72878069863,3.7287806986298566,1.4344081478157023e-13
kodak/kodim07.png,nearest_edge_preservation,0.943435736397,0.9434357363968937,1.0624834345662748e-13
kodak/kodim07.png,nearest_artifact_score,20.1664648997,20.166464899706682,6.682654429823742e-12
kodak/kodim07.png,bilinear_psnr,31.8306096785,31.830609678546185,4.618527782440651e-11
kodak/kodim07.png,bilinear_ssim,0.976610038182,0.9766100381818779,1.2212453270876722e-13
kodak/kodim07.png,bilinear_delta_e,2.10917675998,2.1091767599773275,2.672528864877677e-12
kodak/kodim07.png,bilinear_edge_preservation,0.968259257739,0.9682592577387081,2.9187763317395365e-13
kodak/kodim07.png,bilinear_artifact_score,11.0316129635,11.031612963495332,4.668265773943858e-12
kodak/kodim07.png,cdiff_psnr,32.5883447608,32.588344760832456,3.2457592169521376e-11
kodak/kodim07.png,cdiff_ssim,0.982149263581,0.982149263580629,3.709255125272648e-13
kodak/kodim07.png,cdiff_delta_e,1.99874686317,1.9987468631748104,4.810374321095878e-12
kodak/kodim07.png,cdiff_edge_preservation,0.98029365404,0.9802936540402535,2.5346391652192324e-13
kodak/kodim07.png,cdiff_artifact_score,9.79980490165,9.799804901653882,3.881339694089547e-12
kodak/kodim07.png,malvar_psnr,33.9571092627,33.95710926269164,8.363087999896379e-12
kodak/kodim07.png,malvar_ssim,0.986090689575,0.9860906895747653,2.347011474057581e-13
kodak/kodim07.png,malvar_delta_e,1.65659119138,1.6565911913811364,1.1364242880063102e-12
kodak/kodim07.png,malvar_edge_preservation,0.991069030054,0.9910690300544577,4.576339307504895e-13
kodak/kodim07.png,malvar_artifact_score,7.57563390945,7.575633909452835,2.8350655156827997e-12
kodak/kodim07.png,alleysson_psnr,34.0847887377,34.084788737651394,4.8608228553348454e-11
kodak/kodim07.png,alleysson_ssim,0.98643299795,0.9864329979495842,4.157785227221211e-13
kodak/kodim07.png,alleysson_delta_e,1.62504547221,1.6250454722093803,6.197264923457624e-13
kodak/kodim07.png,alleysson_edge_preservation,0.97831804269,0.978318042690181,1.8096635301390052e-13
kodak/kodim07.png,alleysson_artifact_score,7.73063091604,7.730630916041729,1.7292833831561438e-12
kodak/kodim07.png,menon_psnr,35.0696626447,35.06966264473604,3.603872755775228e-11
kodak/kodim07.png,menon_ssim,0.986891864062,0.9868918640619269,7.316369732279782e-14
kodak/kodim07.png,menon_delta_e,1.34894653579,1.3489465357926644,2.6645352591003757e-12
kodak/kodim07.png,menon_edge_preservation,0.994239132854,0.994239132854068,6.794564910705958e-14
kodak/kodim07.png,menon_artifact_score,5.96854327957,5.968543279571808,1.8074430840897548e-12
kodak/kodim08.png,edge_density,0.134963989258,0.1349639892578125,1.874889132835733e-13
kodak/kodim08.png,grad_mean,0.134133965136,0.13413396513620005,2.0003443346183758e-13
kodak/kodim08.png,grad_std,0.154209178653,0.15420917865253247,4.675149156696534e-13
kodak/kodim08.png,local_tex,0.120673559986,0.12067355998605328,5.32768273941997e-14
kodak/kodim08.png,hf_energy,0.0151025886669,0.015102588666865709,3.429201367310952e-14
kodak/kodim08.png,colour_variance,123.667300526,123.66730052578649,2.135180920959101e-10
kodak/kodim08.png,sat_mean,0.172906886428,0.17290688642814137,1.4135914661039806e-13
kodak/kodim08.png,sat_std,0.108894744262,0.10889474426242145,4.214406601477094e-13
kodak/kodim08.png,noise,0.111466318903,0.11146631890265982,3.401862125329558e-13
kodak/kodim08.png,nearest_psnr,19.8797842939,19.879784293909985,9.986678151108208e-12
kodak/kodim08.png,nearest_ssim,0.839643038492,0.8396430384916514,3.4849900742983664e-13
kodak/kodim08.png,nearest_delta_e,10.0196000061,10.019600006057834,4.2165382296843745e-11
kodak/kodim08.png,nearest_edge_preservation,0.853336413926,0.8533364139258138,1.8618440122963875e-13
kodak/kodim08.png,nearest_artifact_score,46.8495665774,46.849566577395876,4.121147867408581e-12
kodak/kodim08.png,bilinear_psnr,23.2519926915,23.251992691504338,4.337863401815412e-12
kodak/kodim08.png,bilinear_ssim,0.914735630406,0.9147356304056332,3.668176873361517e-13
kodak/kodim08.png,bilinear_delta_e,6.99282785227,6.992827852274782,4.782840790085174e-12
kodak/kodim08.png,bilinear_edge_preservation,0.954049603041,0.9540496030410688,6.88338275267597e-14
kodak/kodim08.png,bilinear_artifact_score,28.2737362265,28.273736226452613,4.738609504784108e-11
kodak/kodim08.png,cdiff_psnr,24.4278012892,24.42780128923713,3.7129410657144035e-11
kodak/kodim08.png,cdiff_ssim,0.938517912123,0.9385179121230673,6.7390537594747e-14
kodak/kodim08.png,cdiff_delta_e,6.3220058557,6.322005855703501,3.5011993304578937e-12
kodak/kodim08.png,cdiff_edge_preservation,0.977197704921,0.9771977049214756,4.756195437494171e-13
kodak/kodim08.png,cdiff_artifact_score,24.2823844697,24.28238446971234,1.234212732015294e-11
kodak/kodim08.png,malvar_psnr,25.785545014,25.78554501404831,4.830980060432921e-11
kodak/kodim08.png,malvar_ssim,0.968913531399,0.9689135313988975,1.0258460747536446e-13
kodak/kodim08.png,malvar_delta_e,5.16927982352,5.169279823524811,4.811262499515578e-12
kodak/kodim08.png,malvar_edge_preservation,0.984689121318,0.9846891213175605,4.3953729544909947e-13
kodak/kodim08.png,malvar_artifact_score,19.3364367507,19.33643675074824,4.8242299044432e-11
kodak/kodim08.png,alleysson_psnr,25.3786271925,25.37862719250192,1.9184653865522705e-12
kodak/kodim08.png,alleysson_ssim,0.948880147796,0.9488801477960831,8.304468224196171e-14
kodak/kodim08.png,alleysson_delta_e,5.93207200849,5.9320720084862595,3.740119325357227e-12
kodak/kodim08.png,alleysson_edge_preservation,0.966604206713,0.9666042067129302,6.972200594645983e-14
kodak/kodim08.png,alleysson_artifact_score,21.1379167756,21.13791677555735,4.2650327714000014e-11
kodak/kodim08.png,menon_psnr,31.5883860297,31.58838602970276,2.7604585284279892e-12
kodak/kodim08.png,menon_ssim,0.986577121298,0.986577121298185,1.8496315590255108e-13
kodak/kodim08.png,menon_delta_e,2.95941863542,2.9594186354191865,8.135714324453147e-13
kodak/kodim08.png,menon_edge_preservation,0.996349805686,0.9963498056864981,4.981570711493077e-13
kodak/kodim08.png,menon_artifact_score,9.43889460837,9.438894608369678,3.2152058793144533e-13
kodak/kodim09.png,edge_density,0.0588099161784,0.058809916178385414,1.4585554986012994e-14
kodak/kodim09.png,grad_mean,0.0441506627618,0.04415066276181268,1.2684298056342413e-14
kodak/kodim09.png,grad_std,0.0808667028762,0.08086670287615434,4.565792188770956e-14
kodak/kodim09.png,local_tex,0.0422375311192,0.04223753111915357,4.6428139111043265e-14
kodak/kodim09.png,hf_energy,0.00230506719513,0.00230506719512809,1.9099305470504646e-15
kodak/kodim09.png,colour_variance,160.660317474,160.66031747351332,4.866933522862382e-10
kodak/kodim09.png,sat_mean,0.13578019103,0.13578019103048372,4.837241718291807e-13
kodak/kodim09.png,sat_std,0.164026363719,0.16402636371889523,1.0477729794899915e-13
kodak/kodim09.png,noise,0.0365967728096,0.036596772809612606,1.2607970223399434e-14
kodak/kodim09.png,nearest_psnr,27.4331518135,27.433151813476822,2.3177904040494468e-11
kodak/kodim09.png,nearest_ssim,0.929450236165,0.9294502361650074,7.438494264988549e-15
kodak/kodim09.png,nearest_delta_e,3.97551464007,3.9755146400724666,2.4664714715072478e-12
kodak/kodim09.png,nearest_edge_preservation,0.892498100012,0.8924981000124161,4.1611158962950867e-13
kodak/kodim09.png,nearest_artifact_score,20.9371351456,20.93713514561411,1.411137873219559e-11
kodak/kodim09.png,bilinear_psnr,31.2622209035,31.26222090347609,2.390976305832737e-11
kodak/kodim09.png,bilinear_ssim,0.960653223954,0.9606532239539286,7.138734048339757e-14
kodak/kodim09.png,bilinear_delta_e,2.57033812172,2.570338121721363,1.3629097850298422e-12
kodak/kodim09.png,bilinear_edge_preservation,0.970747742067,0.9707477420672141,2.141620214501927e-13
kodak/kodim09.png,bilinear_artifact_score,12.2803322928,12.28033229281257,1.2569500995596172e-11
kodak/kodim09.png,cdiff_psnr,32.6434809847,32.64348098467539,2.460609493937227e-11
kodak/kodim09.png,cdiff_ssim,0.969534944962,0.9695349449619634,3.6637359812630166e-14
kodak/kodim09.png,cdiff_delta_e,2.22216748934,2.22216748933863,1.3700152123874432e-12
kodak/kodim09.png,cdiff_edge_preservation,0.983469630832,0.9834696308315691,4.3087755585702325e-13
kodak/kodim09.png,cdiff_artifact_score,10.4288057994,10.428805799426238,2.62385668747811e-11
kodak/kodim09.png,malvar_psnr,35.0442783607,35.04427836065158,4.8416382014693227e-11
kodak/kodim09.png,malvar_ssim,0.985872899791,0.9858728997907263,2.736699755701011e-13
kodak/kodim09.png,malvar_delta_e,1.7624350233,1.7624350232997033,2.9665159217984183e-13
kodak/kodim09.png,malvar_edge_preservation,0.9932644664,0.9932644664002074,2.0738966099997924e-13
kodak/kodim09.png,malvar_artifact_score,7.05258316548,7.052583165483724,3.724132113802625e-12
kodak/kodim09.png,alleysson_psnr,33.8927559776,33.89275597763973,3.97335497837048e-11
kodak/kodim09.png,alleysson_ssim,0.976609738242,0.97660973824217,1.6997514507011147e-13
kodak/kodim09.png,alleysson_delta_e,2.03464262092,2.0346426209225243,2.524203068787756e-12
kodak/kodim09.png,alleysson_edge_preservation,0.978297361815,0.9782973618148297,1.7030821197749901e-13
kodak/kodim09.png,alleysson_artifact_score,8.74166203517,8.741662035167677,2.3234747459355276e-12
kodak/kodim09.png,menon_psnr,38.7409972799,38.740997279898224,1.7763568394002505e-12
kodak/kodim09.png,menon_ssim,0.98922532088,0.9892253208804925,4.924949337237194e-13
kodak/kodim09.png,menon_delta_e,1.24208003364,1.2420800336431743,3.1743496720082476e-12
kodak/kodim09.png,menon_edge_preservation,0.997489901399,0.9974899013985197,4.802824804528427e-13
kodak/kodim09.png,menon_artifact_score,4.00125708621,4.001257086205749,4.250821916684799e-12
kodak/kodim10.png,edge_density,0.0642979939779,0.06429799397786458,3.5416114485542494e-14
kodak/kodim10.png,grad_mean,0.0443795290415,0.044379529041535824,3.582550922587302e-14
kodak/kodim10.png,grad_std,0.0740777801784,0.07407778017838695,1.304512053934559e-14
kodak/kodim10.png,local_tex,0.0429076961293,0.042907696129333185,3.3181790648484366e-14
kodak/kodim10.png,hf_energy,0.00304029663141,0.0030402966314146394,4.6395179364999706e-15
kodak/kodim10.png,colour_variance,69.0293704076,69.02937040759603,3.964828465541359e-12
kodak/kodim10.png,sat_mean,0.147410667025,0.14741066702533848,3.384792446325946e-13
kodak/kodim10.png,sat_std,0.0947528234675,0.09475282346752727,2.7269853042355408e-14
kodak/kodim10.png,noise,0.0366557522984,0.03665575229842751,2.751271432899216e-14
kodak/kodim10.png,nearest_psnr,27.4829122418,27.482912241766762,3.3239189178857487e-11
kodak/kodim10.png,nearest_ssim,0.917102147307,0.917102147306704,2.9598545836506673e-13
kodak/kodim10.png,nearest_delta_e,3.95148858181,3.9514885818067715,3.2285285556099552e-12
kodak/kodim10.png,nearest_edge_preservation,0.888921256817,0.8889212568166673,3.326228181776969e-13
kodak/kodim10.png,nearest_artifact_score,19.7915304413,19.791530441278447,2.155431388928264e-11
kodak/kodim10.png,bilinear_psnr,31.3199429254,31.31994292541353,1.3532286402551108e-11
kodak/kodim10.png,bilinear_ssim,0.96150006285,0.9615000628496694,3.306244167333716e-13
kodak/kodim10.png,bilinear_delta_e,2.51113905552,2.511139055521101,1.1008971512183052e-12
kodak/kodim10.png,bilinear_edge_preservation,0.964958462656,0.9649584626557334,2.666755705149626e-13
kodak/kodim10.png,bilinear_artifact_score,11.3707855134,11.37078551337672,2.3279156380340282e-11
kodak/kodim10.png,cdiff_psnr,32.5849630897,32.58496308968422,1.5774048733874224e-11
kodak/kodim10.png,cdiff_ssim,0.970640645287,0.9706406452873774,3.773648060700907e-13
kodak/kodim10.png,cdiff_delta_e,2.17953240485,2.179532404854927,4.926725694076595e-12
kodak/kodim10.png,cdiff_edge_preservation,0.979511957671,0.9795119576714791,4.791722574282176e-13
kodak/kodim10.png,cdiff_artifact_score,9.6634459535,9.663445953495968,4.0323300254385686e-12
kodak/kodim10.png,malvar_psnr,35.3794517466,35.37945174659698,3.0198066269804258e-12
kodak/kodim10.png,malvar_ssim,0.987225405504,0.9872254055044981,4.981570711493077e-13
kodak/kodim10.png,malvar_delta_e,1.70331109423,1.7033110942346312,4.631184324921378e-12
kodak/kodim10.png,malvar_edge_preservation,0.992976976992,0.9929769769921613,1.6120438317557273e-13
kodak/kodim10.png,malvar_artifact_score,6.50775502132,6.507755021316008,3.992361996552063e-12
kodak/kodim10.png,alleysson_psnr,34.2303091462,34.23030914624497,4.497024974625674e-11
kodak/kodim10.png,alleysson_ssim,0.978373325278,0.9783733252782385,2.384759056894836e-13
kodak/kodim10.png,alleysson_delta_e,1.96473329837,1.9647332983685033,1.496802681799636e-12
kodak/kodim10.png,alleysson_edge_preservation,0.977940944219,0.9779409442193848,3.8480330033507926e-13
kodak/kodim10.png,alleysson_artifact_score,7.94648737586,7.946487375863061,3.0606628342866316e-12
kodak/kodim10.png,menon_psnr,38.9915464337,38.99154643367926,2.0740742456837324e-11
kodak/kodim10.png,menon_ssim,0.990767110068,0.9907671100678839,1.1612932837579137e-13
kodak/kodim10.png,menon_delta_e,1.25438737076,1.2543873707619613,1.9613199953028015e-12
kodak/kodim10.png,menon_edge_preservation,0.997209805861,0.9972098058610042,4.107825191113079e-15
kodak/kodim10.png,menon_artifact_score,4.08044933117,4.080449331167245,2.7542412794900883e-12
kodak/kodim11.png,edge_density,0.0721664428711,0.07216644287109375,6.2450045135165055e-15
kodak/kodim11.png,grad_mean,0.0615560780238,0.061556078023803334,3.337607967779377e-15
kodak/kodim11.png,grad_std,0.0854756904045,0.08547569040446197,3.802513859341161e-14
kodak/kodim11.png,local_tex,0.0554178943312,0.055417894331155786,4.421463195569686e-14
kodak/kodim11.png,hf_energy,0.00854571921091,0.008545719210913464,3.4642427815256838e-15
kodak/kodim11.png,colour_variance,167.174632875,167.1746328752721,2.7210944608668797e-10
kodak/kodim11.png,sat_mean,0.313425160168,0.3134251601675625,4.3748338285354293e-13
kodak/kodim11.png,sat_std,0.215053486851,0.21505348685107176,7.174816296640074e-14
kodak/kodim11.png,noise,0.0491495740124,0.04914957401237252,2.7478019859472624e-14
kodak/kodim11.png,nearest_psnr,25.6447301684,25.64473016838551,1.4487966382148443e-11
kodak/kodim11.png,nearest_ssim,0.902847354753,0.9028473547527974,2.0261570199409107e-13
kodak/kodim11.png,nearest_delta_e,5.21347986762,5.213479867621549,1.5489831639570184e-12
kodak/kodim11.png,nearest_edge_preservation,0.911158039279,0.91115803927907,7.005507285384738e-14
kodak/kodim11.png,nearest_artifact_score,26.222921639,26.222921638994986,5.012879000787507e-12
kodak/kodim11.png,bilinear_psnr,28.5401808645,28.540180864474436,2.5565327632648405e-11
kodak/kodim11.png,bilinear_ssim,0.934064356598,0.9340643565978305,1.695310558602614e-13
kodak/kodim11.png,bilinear_delta_e,3.55571795979,3.555717959790929,9.29034627006331e-13
kodak/kodim11.png,bilinear_edge_preservation,0.955463316446,0.9554633164455578,4.4220183070819985e-13
kodak/kodim11.png,bilinear_artifact_score,17.4239857013,17.423985701273594,2.6407320774524123e-11
kodak/kodim11.png,cdiff_psnr,29.8910173437,29.891017343683817,1.6182610806936282e-11
kodak/kodim11.png,cdiff_ssim,0.952051270808,0.9520512708084513,4.5130565951012613e-13
kodak/kodim11.png,cdiff_delta_e,3.04950123982,3.049501239818015,1.98507876802978e-12
kodak/kodim11.png,cdiff_edge_preservation,0.971982711083,0.9719827110833001,3.000932835561798e-13
kodak/kodim11.png,cdiff_artifact_score,15.0210791213,15.021079121302417,2.417621658423741e-12
kodak/kodim11.png,malvar_psnr,31.3018138558,31.301813855786126,1.3873346915715956e-11
kodak/kodim11.png,malvar_ssim,0.97462840063,0.9746284006304593,4.592992652874273e-13
kodak/kodim11.png,malvar_delta_e,2.58539038086,2.5853903808585224,1.4774848011711583e-12
kodak/kodim11.png,malvar_edge_preservation,0.985777457257,0.9857774572571051,1.0513812043200232e-13
kodak/kodim11.png,malvar_artifact_score,11.8924008394,11.8924008393868,1.3200107673583261e-11
kodak/kodim11.png,alleysson_psnr,30.7368958177,30.736895817712917,1.2917666936118621e-11
kodak/kodim11.png,alleysson_ssim,0.960981028777,0.9609810287773096,3.0964120156795616e-13
kodak/kodim11.png,alleysson_delta_e,2.93091915833,2.93091915833007,7.016609515630989e-14
kodak/kodim11.png,alleysson_edge_preservation,0.967950512133,0.9679505121333197,3.197442310920451e-13
kodak/kodim11.png,alleysson_artifact_score,13.357393441,13.357393441031089,3.1089797403183184e-11
kodak/kodim11.png,menon_psnr,33.6427062442,33.64270624421859,1.858779796748422e-11
kodak/kodim11.png,menon_ssim,0.98448372708,0.9844837270802639,2.639000129533997e-13
kodak/kodim11.png,menon_delta_e,1.8899486838,1.889948683802566,2.566169499118587e-12
kodak/kodim11.png,menon_edge_preservation,0.991659121441,0.991659121441408,4.0800696154974503e-13
kodak/kodim11.png,menon_artifact_score,8.73824518877,8.738245188765367,4.632738637155853e-12
kodak/kodim12.png,edge_density,0.0304082234701,0.030408223470052082,4.7916531853431366e-14
kodak/kodim12.png,grad_mean,0.0397584156757,0.03975841567572468,2.468164561619801e-14
kodak/kodim12.png,grad_std,0.0705350552166,0.07053505521662005,2.005340338229189e-14
kodak/kodim12.png,local_tex,0.0377996041886,0.03779960418857808,2.1919965842442934e-14
kodak/kodim12.png,hf_energy,0.00147951639728,0.0014795163972762828,3.7172955685838005e-15
kodak/kodim12.png,colour_variance,121.022718634,121.02271863380062,1.993782916542841e-10
kodak/kodim12.png,sat_mean,0.22486443942,0.22486443942023673,2.36727304425699e-13
kodak/kodim12.png,sat_std,0.110213330159,0.11021333015891922,8.078260282928795e-14
kodak/kodim12.png,noise,0.0314114927513,0.03141149275130726,7.258083023486961e-15
kodak/kodim12.png,nearest_psnr,28.5844726226,28.58447262259769,2.3092638912203256e-12
kodak/kodim12.png,nearest_ssim,0.93930769847,0.9393076984702616,2.616795669041494e-13
kodak/kodim12.png,nearest_delta_e,2.94028519115,2.940285191153926,3.9257486150745535e-12
kodak/kodim12.png,nearest_edge_preservation,0.937951484909,0.937951484908914,8.604228440844963e-14
kodak/kodim12.png,nearest_artifact_score,16.6199365575,16.61993655748848,1.1521450460350025e-11
kodak/kodim12.png,bilinear_psnr,31.8516616817,31.85166168174094,4.093791972081817e-11
kodak/kodim12.png,bilinear_ssim,0.954607953533,0.9546079535331774,1.7741363933510002e-13
kodak/kodim12.png,bilinear_delta_e,1.94956832231,1.9495683223141544,4.154454558147336e-12
kodak/kodim12.png,bilinear_edge_preservation,0.96808605323,0.9680860532304646,4.64628335805628e-13
kodak/kodim12.png,bilinear_artifact_score,10.7386277005,10.738627700452742,4.7258197355404263e-11
kodak/kodim12.png,cdiff_psnr,33.0630742297,33.063074229674186,2.581401759016444e-11
kodak/kodim12.png,cdiff_ssim,0.96766728821,0.9676672882103708,3.708144902248023e-13
kodak/kodim12.png,cdiff_delta_e,1.66735459133,1.667354591330158,1.5787371410169726e-13
kodak/kodim12.png,cdiff_edge_preservation,0.984279367117,0.9842793671167763,2.2370993946196904e-13
kodak/kodim12.png,cdiff_artifact_score,9.25948083158,9.259480831584593,4.593658786689048e-12
kodak/kodim12.png,malvar_psnr,35.2176432283,35.21764322825462,4.537525910564e-11
kodak/kodim12.png,malvar_ssim,0.984557497346,0.9845574973456246,3.7536640462576543e-13
kodak/kodim12.png,malvar_delta_e,1.36170721232,1.3617072123239027,3.90265597616235e-12
kodak/kodim12.png,malvar_edge_preservation,0.992312510171,0.9923125101709492,5.0737192225369654e-14
kodak/kodim12.png,malvar_artifact_score,6.48924589217,6.489245892169679,3.206324095117452e-13
kodak/kodim12.png,alleysson_psnr,34.5866178127,34.58661781271208,1.2079226507921703e-11
kodak/kodim12.png,alleysson_ssim,0.973132992103,0.9731329921031795,1.795230630818878e-13
kodak/kodim12.png,alleysson_delta_e,1.56145372985,1.561453729851836,1.836086838125084e-12
kodak/kodim12.png,alleysson_edge_preservation,0.980380137828,0.9803801378284946,4.946043574705072e-13
kodak/kodim12.png,alleysson_artifact_score,7.83017332209,7.830173322086101,3.89910326248355e-12
kodak/kodim12.png,menon_psnr,39.0220710866,39.02207108657497,2.503242058082833e-11
kodak/kodim12.png,menon_ssim,0.990938796659,0.9909387966585257,4.742872761198669e-13
kodak/kodim12.png,menon_delta_e,0.975109015504,0.9751090155041942,1.9417800700693988e-13
kodak/kodim12.png,menon_edge_preservation,0.997419366515,0.997419366514589,4.1100456371623295e-13
kodak/kodim12.png,menon_artifact_score,4.11798823609,4.117988236094021,4.020783705982467e-12
mcm/1.tif,edge_density,0.122324,0.122324,0.0
mcm/1.tif,grad_mean,0.0967082346268,0.0967082346268139,1.3891665595622271e-14
mcm/1.tif,grad_std,0.113849142286,0.11384914228611895,1.189465193007777e-13
mcm/1.tif,local_tex,0.0928519887828,0.09285198878277925,2.0747292772682613e-14
mcm/1.tif,hf_energy,0.00670857316013,0.0067085731601316,1.5994150448506161e-15
mcm/1.tif,colour_variance,1991.13978678,1991.1397867834721,3.4722233976935968e-09
mcm/1.tif,sat_mean,0.601890147463,0.6018901474630661,6.616929226765933e-14
mcm/1.tif,sat_std,0.272418346204,0.2724183462042775,2.775002450050579e-13
mcm/1.tif,noise,0.0767028252037,0.07670282520370858,8.576472865229334e-15
mcm/1.tif,nearest_psnr,22.5924424703,22.592442470317046,1.7045920230884803e-11
mcm/1.tif,nearest_ssim,0.849080610716,0.8490806107157424,2.5768276401549883e-13
mcm/1.tif,nearest_delta_e,6.22527161202,6.22527161202104,1.0400569294688466e-12
mcm/1.tif,nearest_edge_preservation,0.893862514275,0.8938625142748919,1.0802470029602773e-13
mcm/1.tif,nearest_artifact_score,34.8564705084,34.85647050842665,2.6652458018361358e-11
mcm/1.tif,bilinear_psnr,26.5406777278,26.540677727783805,1.6193268947972683e-11
mcm/1.tif,bilinear_ssim,0.934550816864,0.9345508168643281,3.2807090377673376e-13
mcm/1.tif,bilinear_delta_e,4.01986901903,4.019869019033939,3.9390712913700554e-12
mcm/1.tif,bilinear_edge_preservation,0.963035119259,0.9630351192592769,2.7688962234151404e-13
mcm/1.tif,bilinear_artifact_score,19.6249110854,19.624911085368083,3.19175796903437e-11
mcm/1.tif,cdiff_psnr,24.142468106,24.142468106024594,2.4595436798335868e-11
mcm/1.tif,cdiff_ssim,0.939541665533,0.9395416655327099,2.901012763345534e-13
mcm/1.tif,cdiff_delta_e,4.44268319979,4.442683199792637,2.637001728089672e-12
mcm/1.tif,cdiff_edge_preservation,0.969497478265,0.9694974782651615,1.6153745008296028e-13
mcm/1.tif,cdiff_artifact_score,22.2162149957,22.21621499569035,9.64917035162216e-12
mcm/1.tif,malvar_psnr,23.6196426953,23.61964269532399,2.3987922759260982e-11
mcm/1.tif,malvar_ssim,0.909746813268,0.9097468132684223,4.2232883856740955e-13
mcm/1.tif,malvar_delta_e,4.38545591539,4.385455915387777,2.2231105845094135e-12
mcm/1.tif,malvar_edge_preservation,0.952980818145,0.9529808181450651,6.505906924303417e-14
mcm/1.tif,malvar_artifact_score,22.346906283,22.34690628298334,1.665867443989555e-11
mcm/1.tif,alleysson_psnr,25.3165862866,25.316586286611518,1.1517897746671224e-11
mcm/1.tif,alleysson_ssim,0.9381785788,0.938178578799615,3.850253449400043e-13
mcm/1.tif,alleysson_delta_e,4.20526039021,4.205260390211518,1.517896919267514e-12
mcm/1.tif,alleysson_edge_preservation,0.960440873998,0.9604408739979717,2.8310687127941492e-14
mcm/1.tif,alleysson_artifact_score,19.5231504021,19.523150402103326,3.325340003357269e-12
mcm/1.tif,menon_psnr,23.5117308996,23.51173089961644,1.6438406191809918e-11
mcm/1.tif,menon_ssim,0.916346300163,0.9163463001630527,5.2735593669694936e-14
mcm/1.tif,menon_delta_e,4.20040595016,4.200405950159845,1.5543122344752192e-13
mcm/1.tif,menon_edge_preservation,0.963612212832,0.9636122128323622,3.6215475063272606e-13
mcm/1.tif,menon_artifact_score,21.1181038795,21.118103879526974,2.6972202249453403e-11
mcm/2.tif,edge_density,0.071728,0.071728,0.0
mcm/2.tif,grad_mean,0.0608411117982,0.06084111179819434,5.662137425588298e-15
mcm/2.tif,grad_std,0.0875721627228,0.08757216272283853,3.8538616742300746e-14
mcm/2.tif,local_tex,0.0621174943507,0.06211749435070402,4.017619570362285e-15
mcm/2.tif,hf_energy,0.00433494126208,0.004334941262084481,4.480790738448093e-15
mcm/2.tif,colour_variance,835.293212956,835.293212956135,1.3494627637555823e-10
mcm/2.tif,sat_mean,0.571727230464,0.5717272304638035,1.965094753586527e-13
mcm/2.tif,sat_std,0.292435635232,0.2924356352321278,1.2778667013435552e-13
mcm/2.tif,noise,0.0360315527085,0.03603155270847039,2.961519918187605e-14
mcm/2.tif,nearest_psnr,26.2453151986,26.24531519860221,2.2097879082139116e-12
mcm/2.tif,nearest_ssim,0.903744314305,0.9037443143045439,4.560796185160143e-13
mcm/2.tif,nearest_delta_e,4.60859231731,4.608592317309841,1.5898393712632242e-13
mcm/2.tif,nearest_edge_preservation,0.914237048909,0.9142370489091775,1.7741363933510002e-13
mcm/2.tif,nearest_artifact_score,24.831255993,24.83125599299446,5.538680625249981e-12
mcm/2.tif,bilinear_psnr,30.3755550884,30.375555088394275,5.723421736547607e-12
mcm/2.tif,bilinear_ssim,0.956935746756,0.9569357467561087,1.0869083411080283e-13
mcm/2.tif,bilinear_delta_e,2.93506137457,2.9350613745660357,3.964384376331509e-12
mcm/2.tif,bilinear_edge_preservation,0.968498865927,0.9684988659269873,1.2656542480726785e-14
mcm/2.tif,bilinear_artifact_score,13.7687233444,13.768723344441938,4.193800862140051e-11
mcm/2.tif,cdiff_psnr,30.4060281768,30.406028176778005,2.19948503854539e-11
mcm/2.tif,cdiff_ssim,0.963611037466,0.9636110374659358,6.417089082333405e-14
mcm/2.tif,cdiff_delta_e,3.03225198619,3.0322519861937045,3.704592188569222e-12
mcm/2.tif,cdiff_edge_preservation,0.983857956841,0.9838579568413705,3.7048142331741474e-13
mcm/2.tif,cdiff_artifact_score,13.476851295,13.476851294977664,2.233591089861875e-11
mcm/2.tif,malvar_psnr,29.2825334331,29.282533433056564,4.3435477437014924e-11
mcm/2.tif,malvar_ssim,0.913890877851,0.9138908778507329,2.6711965972481266e-13
mcm/2.tif,malvar_delta_e,3.05121430935,3.0512143093496964,3.0375701953744283e-13
mcm/2.tif,malvar_edge_preservation,0.971205145703,0.9712051457029476,5.240252676230739e-14
mcm/2.tif,malvar_artifact_score,12.8538630399,12.853863039866617,3.338307408284891e-11
mcm/2.tif,alleysson_psnr,30.7600302288,30.760030228835348,3.5345948390386184e-11
mcm/2.tif,alleysson_ssim,0.944996046635,0.9449960466347118,2.8821389719269064e-13
mcm/2.tif,alleysson_delta_e,2.89562382216,2.8956238221560486,3.951505789245857e-12
mcm/2.tif,alleysson_edge_preservation,0.970795726915,0.9707957269146478,3.5227376571356217e-13
mcm/2.tif,alleysson_artifact_score,11.7042913336,11.704291333633236,3.3235636465178686e-11
mcm/2.tif,menon_psnr,29.7099887794,29.709988779439307,3.930722414224874e-11
mcm/2.tif,menon_ssim,0.910852355586,0.9108523555860051,5.10702591327572e-15
mcm/2.tif,menon_delta_e,2.94059604052,2.9405960405217164,1.716404796070492e-12
mcm/2.tif,menon_edge_preservation,0.97398740169,0.9739874016898309,1.6908696665041134e-13
mcm/2.tif,menon_artifact_score,11.7841050797,11.784105079730917,3.091749078976136e-11
mcm/3.tif,edge_density,0.139656,0.139656,0.0
mcm/3.tif,grad_mean,0.10041975702,0.10041975701960772,3.9228342796349125e-13
mcm/3.tif,grad_std,0.125737796833,0.12573779683316014,1.6014967130217883e-13
mcm/3.tif,local_tex,0.0939716201697,0.0939716201697431,4.31044089310717e-14
mcm/3.tif,hf_energy,0.00830758070578,0.008307580705775084,4.916206330918271e-15
mcm/3.tif,colour_variance,332.448179579,332.4481795789169,8.310507837450132e-11
mcm/3.tif,sat_mean,0.382003455034,0.3820034550337806,2.194355808171622e-13
mcm/3.tif,sat_std,0.318705790921,0.31870579092140633,4.063416270128073e-13
mcm/3.tif,noise,0.0506781257642,0.05067812576415749,4.250766405533568e-14
mcm/3.tif,nearest_psnr,22.0212023797,22.02120237965771,4.229150363244116e-11
mcm/3.tif,nearest_ssim,0.886390651459,0.8863906514591775,1.7752466163756253e-13
mcm/3.tif,nearest_delta_e,7.28017271265,7.280172712647456,2.5437429940211587e-12
mcm/3.tif,nearest_edge_preservation,0.897543840532,0.8975438405324307,4.3076653355456074e-13
mcm/3.tif,nearest_artifact_score,39.4807316058,39.48073160579214,7.865708084864309e-12
mcm/3.tif,bilinear_psnr,25.6536067176,25.653606717586925,1.3073986337985843e-11
mcm/3.tif,bilinear_ssim,0.948171038164,0.9481710381644189,4.189981694935341e-13
mcm/3.tif,bilinear_delta_e,4.97964379914,4.979643799144165,4.165556788393587e-12
mcm/3.tif,bilinear_edge_preservation,0.965046790292,0.9650467902924076,4.0756287233989497e-13
mcm/3.tif,bilinear_artifact_score,23.5257372538,23.525737253777507,2.249223030048597e-11
mcm/3.tif,cdiff_psnr,26.982046642,26.982046642014243,1.4242829138311208e-11
mcm/3.tif,cdiff_ssim,0.960082144816,0.9600821448160942,9.425793479067579e-14
mcm/3.tif,cdiff_delta_e,4.09072352959,4.090723529588955,1.0453859999870474e-12
mcm/3.tif,cdiff_edge_preservation,0.978686459845,0.978686459844574,4.2599257454867256e-13
mcm/3.tif,cdiff_artifact_score,19.1479615637,19.147961563671068,2.893330020015128e-11
mcm/3.tif,malvar_psnr,28.3465122928,28.346512292799094,9.059419880941277e-13
mcm/3.tif,malvar_ssim,0.972063330334,0.9720633303344058,4.057865155004947e-13
mcm/3.tif,malvar_delta_e,3.7507964633,3.7507964633032804,3.2804869931624125e-12
mcm/3.tif,malvar_edge_preservation,0.989783917538,0.9897839175381763,1.7630341631047486e-13
mcm/3.tif,malvar_artifact_score,15.4220864209,15.422086420929977,2.997779802171863e-11
mcm/3.tif,alleysson_psnr,28.3666360285,28.366636028455517,4.448352797226107e-11
mcm/3.tif,alleysson_ssim,0.971094590741,0.9710945907411921,1.9206858326015208e-13
mcm/3.tif,alleysson_delta_e,3.93344564779,3.933445647788662,1.3380407892782387e-12
mcm/3.tif,alleysson_edge_preservation,0.980189931109,0.9801899311093997,3.9968028886505635e-13
mcm/3.tif,alleysson_artifact_score,16.6272511244,16.627251124391343,8.65796323523682e-12
mcm/3.tif,menon_psnr,29.2717345308,29.27173453080861,8.611777957412414e-12
mcm/3.tif,menon_ssim,0.971741789546,0.9717417895461435,1.4355183708403274e-13
mcm/3.tif,menon_delta_e,3.33556275821,3.3355627582073115,2.688516076432279e-12
mcm/3.tif,menon_edge_preservation,0.99180481384,0.991804813840467,4.670708264598034e-13
mcm/3.tif,menon_artifact_score,12.3691457422,12.369145742229206,2.920508279657952e-11
mcm/4.tif,edge_density,0.098536,0.098536,0.0
mcm/4.tif,grad_mean,0.0872522113332,0.08725221133318534,1.466882171285988e-14
mcm/4.tif,grad_std,0.139219629422,0.1392196294220053,5.3013149425851225e-15
mcm/4.tif,local_tex,0.0931101503037,0.09311015030366988,3.011479954295737e-14
mcm/4.tif,hf_energy,0.00163421354441,0.0016342135444052982,4.7017511412006385e-15
mcm/4.tif,colour_variance,194.402016636,194.40201663557662,4.233982053847285e-10
mcm/4.tif,sat_mean,0.111929428767,0.11192942876662543,3.7457537072072e-13
mcm/4.tif,sat_std,0.185820807286,0.18582080728570585,2.9415359037443523e-13
mcm/4.tif,noise,0.0234001121873,0.02340011218729042,9.579143034343929e-15
mcm/4.tif,nearest_psnr,22.2909541023,22.290954102280104,1.9895196601282805e-11
mcm/4.tif,nearest_ssim,0.924489822871,0.9244898228711371,1.3711254354120683e-13
mcm/4.tif,nearest_delta_e,5.46638377078,5.466383770782993,2.993161274389422e-12
mcm/4.tif,nearest_edge_preservation,0.925405813498,0.9254058134980836,8.359979375427429e-14
mcm/4.tif,nearest_artifact_score,39.0831068391,39.083106839128746,2.8748559088853654e-11
mcm/4.tif,bilinear_psnr,27.3367055818,27.336705581840498,4.049738322464691e-11
mcm/4.tif,bilinear_ssim,0.976826874792,0.976826874791876,1.2401191185062999e-13
mcm/4.tif,bilinear_delta_e,3.41448318766,3.4144831876559434,4.056754931980322e-12
mcm/4.tif,bilinear_edge_preservation,0.978800479729,0.9788004797294697,4.697353617189037e-13
mcm/4.tif,bilinear_artifact_score,20.0656212494,20.065621249371862,2.8137492336099967e-11
mcm/4.tif,cdiff_psnr,28.5522351249,28.5522351249144,1.439914854017843e-11
mcm/4.tif,cdiff_ssim,0.983120332288,0.9831203322875908,4.092282068768327e-13
mcm/4.tif,cdiff_delta_e,2.53980861537,2.539808615367987,2.013056388250334e-12
mcm/4.tif,cdiff_edge_preservation,0.990041061645,0.9900410616446373,3.6270986214503864e-13
mcm/4.tif,cdiff_artifact_score,15.2042868782,15.20428687815106,4.89404072823163e-11
mcm/4.tif,malvar_psnr,29.81432595,29.814325950015405,1.5404566511278972e-11
mcm/4.tif,malvar_ssim,0.987838614773,0.9878386147730417,4.1744385725905886e-14
mcm/4.tif,malvar_delta_e,2.31661984409,2.3166198440856958,4.304112621866807e-12
mcm/4.tif,malvar_edge_preservation,0.994318735254,0.9943187352537198,2.802202914153895e-13
mcm/4.tif,malvar_artifact_score,13.3557704505,13.355770450543663,4.3662851112458156e-11
mcm/4.tif,alleysson_psnr,30.7887149442,30.788714944211392,1.1393552767913206e-11
mcm/4.tif,alleysson_ssim,0.98990532667,0.9899053266701822,1.821875983409882e-13
mcm/4.tif,alleysson_delta_e,2.38432396586,2.3843239658582145,1.7856827128071018e-12
mcm/4.tif,alleysson_edge_preservation,0.989182850547,0.9891828505471665,1.6653345369377348e-13
mcm/4.tif,alleysson_artifact_score,12.1966297929,12.19662979294299,4.298961187032546e-11
mcm/4.tif,menon_psnr,33.0696175476,33.069617547580485,1.951150352397235e-11
mcm/4.tif,menon_ssim,0.991684995334,0.9916849953340554,5.540012892879531e-14
mcm/4.tif,menon_delta_e,1.97363112141,1.9736311214122486,2.248645714075792e-12
mcm/4.tif,menon_edge_preservation,0.997469932549,0.9974699325489471,5.284661597215745e-14
mcm/4.tif,menon_artifact_score,9.02928861723,9.02928861722972,2.788880237858393e-13
mcm/5.tif,edge_density,0.091944,0.091944,0.0
mcm/5.tif,grad_mean,0.0590415938669,0.05904159386693548,3.547856453067766e-14
mcm/5.tif,grad_std,0.0702476566613,0.07024765666127938,2.0622392682412283e-14
mcm/5.tif,local_tex,0.0608678048807,0.06086780488069558,4.4200754167889045e-15
mcm/5.tif,hf_energy,0.00182067880575,0.0018206788057543854,4.385380947269368e-15
mcm/5.tif,colour_variance,600.466152523,600.4661525228847,1.1527845344971865e-10
mcm/5.tif,sat_mean,0.381224306056,0.3812243060562562,2.5618396293225487e-13
mcm/5.tif,sat_std,0.268448635882,0.26844863588153345,4.66571226098722e-13
mcm/5.tif,noise,0.0325321030388,0.03253210303878953,1.0470790900996008e-14
mcm/5.tif,nearest_psnr,26.7168271011,26.716827101138772,3.8770764376749867e-11
mcm/5.tif,nearest_ssim,0.912149601856,0.9121496018564681,4.68070027181966e-13
mcm/5.tif,nearest_delta_e,4.49765726638,4.497657266379467,5.329070518200751e-13
mcm/5.tif,nearest_edge_preservation,0.914023720137,0.9140237201374638,4.638511796883904e-13
mcm/5.tif,nearest_artifact_score,22.3548112369,22.354811236935507,3.5505820505932206e-11
mcm/5.tif,bilinear_psnr,31.3595062395,31.3595062395036,3.5988989566249074e-12
mcm/5.tif,bilinear_ssim,0.968107360174,0.9681073601738854,1.1457501614131615e-13
mcm/5.tif,bilinear_delta_e,2.60303087335,2.6030308733548795,4.879652237832488e-12
mcm/5.tif,bilinear_edge_preservation,0.9729681756,0.9729681755997933,2.0672352718520415e-13
mcm/5.tif,bilinear_artifact_score,11.513481573,11.513481572991257,8.743228363528033e-12
mcm/5.tif,cdiff_psnr,31.3939944102,31.393994410207746,7.744915819785092e-12
mcm/5.tif,cdiff_ssim,0.973324133101,0.9733241331009913,8.659739592076221e-15
mcm/5.tif,cdiff_delta_e,2.58415724062,2.58415724061608,3.919975455346503e-12
mcm/5.tif,cdiff_edge_preservation,0.983647277315,0.9836472773152114,2.113864638886298e-13
mcm/5.tif,cdiff_artifact_score,10.7262977661,10.726297766146061,4.6060932845648495e-11
mcm/5.tif,malvar_psnr,30.7047190543,30.704719054250432,4.956746124662459e-11
mcm/5.tif,malvar_ssim,0.962499607468,0.9624996074683771,3.771427614651657e-13
mcm/5.tif,malvar_delta_e,2.54684275862,2.5468427586214823,1.482369782479509e-12
mcm/5.tif,malvar_edge_preservation,0.976963320085,0.97696332008468,3.199662756969701e-13
mcm/5.tif,malvar_artifact_score,10.7343903985,10.734390398479446,2.0554224988700298e-11
mcm/5.tif,alleysson_psnr,31.9328273895,31.932827389531518,3.1516123044639244e-11
mcm/5.tif,alleysson_ssim,0.977368464547,0.9773684645468713,1.2867484855405564e-13
mcm/5.tif,alleysson_delta_e,2.43395569729,2.4339556972942873,4.2872372318925045e-12
mcm/5.tif,alleysson_edge_preservation,0.981792330423,0.9817923304231647,1.6475709685437323e-13
mcm/5.tif,alleysson_artifact_score,9.77115066132,9.771150661319503,4.973799150320701e-13
mcm/5.tif,menon_psnr,30.2655037068,30.26550370681352,1.3518075547835906e-11
mcm/5.tif,menon_ssim,0.958296468306,0.9582964683063403,3.402833570476105e-13
mcm/5.tif,menon_delta_e,2.62637100684,2.6263710068416937,1.6937562463681388e-12
mcm/5.tif,menon_edge_preservation,0.979397776825,0.9793977768247603,2.396971510165713e-13
mcm/5.tif,menon_artifact_score,10.7394322653,10.73943226532732,2.7320368189975852e-11
mcm/6.tif,edge_density,0.095128,0.095128,0.0
mcm/6.tif,grad_mean,0.0525289291498,0.05252892914981433,1.4328815911568427e-14
mcm/6.tif,grad_std,0.0580366400614,0.058036640061383246,1.675048988403205e-14
mcm/6.tif,local_tex,0.0537735057452,0.053773505745215555,1.5557000132560006e-14
mcm/6.tif,hf_energy,0.00102949940888,0.001029499408875121,4.879126616619267e-15
mcm/6.tif,colour_variance,669.34404308,669.3440430803716,3.716422725119628e-10
mcm/6.tif,sat_mean,0.410734801826,0.41073480182605737,5.739853037312059e-14
mcm/6.tif,sat_std,0.262111684628,0.26211168462838214,3.821387650759789e-13
mcm/6.tif,noise,0.0286001371178,0.028600137117799594,4.0592529337857286e-16
mcm/6.tif,nearest_psnr,29.41820487,29.418204869981512,1.8488321984477807e-11
mcm/6.tif,nearest_ssim,0.934120384189,0.9341203841894532,4.531930386519889e-13
mcm/6.tif,nearest_delta_e,3.99075107984,3.9907510798424175,2.417621658423741e-12
mcm/6.tif,nearest_edge_preservation,0.92677371409,0.9267737140897738,2.2615243011614439e-13
mcm/6.tif,nearest_artifact_score,17.1981786755,17.198178675485877,1.4122036873231991e-11
mcm/6.tif,bilinear_psnr,35.4460162148,35.446016214760746,3.9250380723387934e-11
mcm/6.tif,bilinear_ssim,0.982751155953,0.9827511559533582,3.581579477440755e-13
mcm/6.tif,bilinear_delta_e,2.03691539882,2.036915398818602,1.3979928326079971e-12
mcm/6.tif,bilinear_edge_preservation,0.980130658011,0.9801306580111604,1.6042722705833512e-13
mcm/6.tif,bilinear_artifact_score,7.07107877357,7.071078773572943,2.942535104466515e-12
mcm/6.tif,cdiff_psnr,32.8131283929,32.813128392873864,2.6133761821256485e-11
mcm/6.tif,cdiff_ssim,0.984219727861,0.9842197278614356,4.3565151486291143e-13
mcm/6.tif,cdiff_delta_e,2.4890475361,2.489047536097111,2.8892443992845074e-12
mcm/6.tif,cdiff_edge_preservation,0.989143625645,0.9891436256450266,2.653433028854124e-14
mcm/6.tif,cdiff_artifact_score,8.66459966491,8.664599664912037,2.0374812947920873e-12
mcm/6.tif,malvar_psnr,31.2915845914,31.291584591401644,1.644906433284632e-12
mcm/6.tif,malvar_ssim,0.963712987109,0.9637129871090062,6.217248937900877e-15
mcm/6.tif,malvar_delta_e,2.48293198886,2.482931988863207,3.2072122735371522e-12
mcm/6.tif,malvar_edge_preservation,0.974453212715,0.9744532127154497,4.497513472756509e-13
mcm/6.tif,malvar_artifact_score,9.73874721475,9.738747214751658,1.659117287999834e-12
mcm/6.tif,alleysson_psnr,33.8421507903,33.84215079032474,2.4733992631809087e-11
mcm/6.tif,alleysson_ssim,0.986388145383,0.9863881453828388,1.6120438317557273e-13
mcm/6.tif,alleysson_delta_e,2.18618396096,2.1861839609595397,4.600764214046649e-13
mcm/6.tif,alleysson_edge_preservation,0.986115138207,0.9861151382065795,4.205524817280093e-13
mcm/6.tif,alleysson_artifact_score,7.63113856662,7.631138566620926,9.263700917472306e-13
mcm/6.tif,menon_psnr,30.6866289918,30.686628991809204,9.205081141772098e-12
mcm/6.tif,menon_ssim,0.96018387456,0.9601838745603265,3.2651659154225854e-13
mcm/6.tif,menon_delta_e,2.6747063465,2.674706346497473,2.5268676040468563e-12
mcm/6.tif,menon_edge_preservation,0.978744187811,0.9787441878114412,4.412026299860372e-13
mcm/6.tif,menon_artifact_score,10.2228244,10.222824399998197,1.8030021919912542e-12
mcm/7.tif,edge_density,0.091516,0.091516,0.0
mcm/7.tif,grad_mean,0.0622403051511,0.062240305151081206,1.8797463585684682e-14
mcm/7.tif,grad_std,0.0741522111562,0.07415221115617608,2.3925306180672123e-14
mcm/7.tif,local_tex,0.0587728345732,0.05877283457315977,4.02247679609502e-14
mcm/7.tif,hf_energy,0.00461060296346,0.004610602963456964,3.036633444697401e-15
mcm/7.tif,colour_variance,313.723970442,313.72397044189097,1.0902567737502977e-10
mcm/7.tif,sat_mean,0.213960848922,0.21396084892186124,1.3877787807814457e-13
mcm/7.tif,sat_std,0.290119139713,0.29011913971277203,2.279842981067759e-13
mcm/7.tif,noise,0.0496017500933,0.049601750093286365,1.3634926521177704e-14
mcm/7.tif,nearest_psnr,26.309418043,26.309418043016933,1.6932233393163187e-11
mcm/7.tif,nearest_ssim,0.88519551366,0.8851955136599623,3.774758283725532e-14
mcm/7.tif,nearest_delta_e,6.52460985036,6.524609850357742,2.2577495428777183e-12
mcm/7.tif,nearest_edge_preservation,0.912728375808,0.9127283758084169,4.168887457467463e-13
mcm/7.tif,nearest_artifact_score,23.2061611131,23.206161113114046,1.404742988597718e-11
mcm/7.tif,bilinear_psnr,29.9243845815,29.924384581536714,3.6713743156724377e-11
mcm/7.tif,bilinear_ssim,0.939826519626,0.9398265196257277,2.722266856380884e-13
mcm/7.tif,bilinear_delta_e,4.45929836256,4.459298362558338,1.6626700016786344e-12
mcm/7.tif,bilinear_edge_preservation,0.96178142612,0.9617814261196421,3.5782488083668795e-13
mcm/7.tif,bilinear_artifact_score,13.5013762734,13.501376273352019,4.7981174589040165e-11
mcm/7.tif,cdiff_psnr,31.6209760361,31.620976036137556,3.7555736298600095e-11
mcm/7.tif,cdiff_ssim,0.954741845037,0.9547418450371429,1.4288570326925765e-13
mcm/7.tif,cdiff_delta_e,3.68160201779,3.6816020177904614,4.614086890342151e-13
mcm/7.tif,cdiff_edge_preservation,0.979109634529,0.9791096345287663,2.3370194668359545e-13
mcm/7.tif,cdiff_artifact_score,11.5295608036,11.529560803576626,2.3375079649667896e-11
mcm/7.tif,malvar_psnr,32.8640263394,32.864026339350886,4.9112713895738125e-11
mcm/7.tif,malvar_ssim,0.962247463554,0.9622474635542029,2.028377465990161e-13
mcm/7.tif,malvar_delta_e,3.28521562026,3.2852156202564378,3.5620395522073522e-12
mcm/7.tif,malvar_edge_preservation,0.9886131012,0.9886131011997787,2.212674488077937e-13
mcm/7.tif,malvar_artifact_score,8.5317381866,8.531738186603693,3.693045869113121e-12
mcm/7.tif,alleysson_psnr,32.2112009689,32.21120096887162,2.83790768662584e-11
mcm/7.tif,alleysson_ssim,0.956514883719,0.9565148837190611,6.117328865684613e-14
mcm/7.tif,alleysson_delta_e,3.62881634365,3.6288163436469563,3.043787444312329e-12
mcm/7.tif,alleysson_edge_preservation,0.977054405237,0.9770544052368616,1.3844481117075702e-13
mcm/7.tif,alleysson_artifact_score,9.72362226856,9.723622268564284,4.284572696633404e-12
mcm/7.tif,menon_psnr,35.0976689759,35.09766897590619,6.188827228470473e-12
mcm/7.tif,menon_ssim,0.964008185341,0.9640081853406879,3.120836922221315e-13
mcm/7.tif,menon_delta_e,2.54454159317,2.544541593169594,4.0589753780295723e-13
mcm/7.tif,menon_edge_preservation,0.991051600295,0.9910516002948613,1.3866685577568205e-13
mcm/7.tif,menon_artifact_score,5.85455173328,5.854551733282269,2.26929586233382e-12
mcm/8.tif,edge_density,0.06168,0.06168,0.0
mcm/8.tif,grad_mean,0.0506636749341,0.05066367493407226,2.7734758933917192e-14
mcm/8.tif,grad_std,0.0961673258862,0.09616732588623175,3.175237850427948e-14
mcm/8.tif,local_tex,0.0499965594728,0.049996559472823617,2.3613055954996298e-14
mcm/8.tif,hf_energy,0.0115296313342,0.011529631334205705,5.7055055124877185e-15
mcm/8.tif,colour_variance,91.9738240694,91.97382406935326,4.673950115829939e-11
mcm/8.tif,sat_mean,0.470248462732,0.4702484627323586,3.5860203695392556e-13
mcm/8.tif,sat_std,0.299834643497,0.29983464349709854,9.853229343548264e-14
mcm/8.tif,noise,0.0181067030662,0.018106703066158004,4.1994185906446546e-14
mcm/8.tif,nearest_psnr,26.2215120072,26.221512007195123,4.877875880993088e-12
mcm/8.tif,nearest_ssim,0.937684591683,0.937684591682754,2.460254222569347e-13
mcm/8.tif,nearest_delta_e,4.2289989292,4.228998929204691,4.690470234436361e-12
mcm/8.tif,nearest_edge_preservation,0.928788472628,0.9287884726282721,2.7211566333562587e-13
mcm/8.tif,nearest_artifact_score,26.5624402523,26.562440252348633,4.863309754910006e-11
mcm/8.tif,bilinear_psnr,30.0294447334,30.029444733350203,4.979483492206782e-11
mcm/8.tif,bilinear_ssim,0.969434226704,0.9694342267040433,4.3298697960381105e-14
mcm/8.tif,bilinear_delta_e,2.82864705222,2.828647052222445,2.4451551894344448e-12
mcm/8.tif,bilinear_edge_preservation,0.966438032292,0.9664380322915577,4.4231285301066237e-13
mcm/8.tif,bilinear_artifact_score,15.8470768819,15.847076881910056,1.0055956067844818e-11
mcm/8.tif,cdiff_psnr,31.6877778496,31.687777849645673,4.567368705465924e-11
mcm/8.tif,cdiff_ssim,0.975589154683,0.9755891546833597,3.597122599785507e-13
mcm/8.tif,cdiff_delta_e,2.51321845232,2.513218452319919,8.08242361927114e-14
mcm/8.tif,cdiff_edge_preservation,0.985715916,0.9857159159998679,1.3211653993039363e-13
mcm/8.tif,cdiff_artifact_score,13.6585310951,13.658531095083928,1.6072476682893466e-11
mcm/8.tif,malvar_psnr,32.6419281462,32.64192814620384,3.836930773104541e-12
mcm/8.tif,malvar_ssim,0.973328213295,0.9733282132954069,4.0689673852511987e-13
mcm/8.tif,malvar_delta_e,2.29354393965,2.2935439396470247,2.9753977059954195e-12
mcm/8.tif,malvar_edge_preservation,0.991423467192,0.9914234671921005,1.0047518372857667e-13
mcm/8.tif,malvar_artifact_score,10.4763260824,10.476326082368292,3.170796958329447e-11
mcm/8.tif,alleysson_psnr,32.4586242561,32.45862425608843,1.1574741165532032e-11
mcm/8.tif,alleysson_ssim,0.976994802678,0.9769948026782163,2.162714451969805e-13
mcm/8.tif,alleysson_delta_e,2.44110342145,2.4411034214526928,2.6929569685307797e-12
mcm/8.tif,alleysson_edge_preservation,0.981051211097,0.9810512110973008,3.007594173709549e-13
mcm/8.tif,alleysson_artifact_score,11.4859462383,11.485946238320057,2.0056845073668228e-11
mcm/8.tif,menon_psnr,34.2640772954,34.26407729538293,1.7067236512957606e-11
mcm/8.tif,menon_ssim,0.975311184564,0.9753111845641514,1.5143442055887135e-13
mcm/8.tif,menon_delta_e,1.96442204271,1.9644220427071106,2.8894664438894324e-12
mcm/8.tif,menon_edge_preservation,0.994680478036,0.9946804780360496,4.96269692007445e-14
mcm/8.tif,menon_artifact_score,7.7757262089,7.775726208897862,2.1378454562182014e-12
mcm/9.tif,edge_density,0.081864,0.081864,0.0
mcm/9.tif,grad_mean,0.052623995456,0.05262399545595714,4.286154764443495e-14
mcm/9.tif,grad_std,0.0822548393128,0.08225483931283809,3.808064974464287e-14
mcm/9.tif,local_tex,0.0538263509586,0.05382635095861373,1.3732071035832405e-14
mcm/9.tif,hf_energy,0.0023157992417,0.002315799241701186,1.1856834958301476e-15
mcm/9.tif,colour_variance,717.336277416,717.3362774159715,2.8535396268125623e-11
mcm/9.tif,sat_mean,0.578668596792,0.5786685967915711,4.2887915441269797e-13
mcm/9.tif,sat_std,0.243014922557,0.24301492255732488,3.2487901258093643e-13
mcm/9.tif,noise,0.0256953972937,0.02569539729366891,3.1089714136456337e-14
mcm/9.tif,nearest_psnr,27.1856142403,27.185614240316337,1.6335377495124703e-11
mcm/9.tif,nearest_ssim,0.934702113378,0.9347021133777662,2.3381296898605797e-13
mcm/9.tif,nearest_delta_e,3.44695106366,3.4469510636592786,7.212008767965017e-13
mcm/9.tif,nearest_edge_preservation,0.9368455606,0.9368455605998531,1.468825061579082e-13
mcm/9.tif,nearest_artifact_score,22.5836711106,22.58367111057428,2.5721647034515627e-11
mcm/9.tif,bilinear_psnr,31.7637523584,31.763752358380138,1.98632221781736e-11
mcm/9.tif,bilinear_ssim,0.973731129518,0.9737311295177739,2.2615243011614439e-13
mcm/9.tif,bilinear_delta_e,2.13262456841,2.1326245684076883,2.311484337269576e-12
mcm/9.tif,bilinear_edge_preservation,0.975452921295,0.9754529212946846,3.1541436129600697e-13
mcm/9.tif,bilinear_artifact_score,12.5159774316,12.515977431608114,8.114398042380344e-12
mcm/9.tif,cdiff_psnr,31.8598327402,31.85983274019025,9.752199048307375e-12
mcm/9.tif,cdiff_ssim,0.976906647486,0.9769066474858863,1.1368683772161603e-13
mcm/9.tif,cdiff_delta_e,2.168722957,2.168722957004657,4.657163543697607e-12
mcm/9.tif,cdiff_edge_preservation,0.985291490692,0.985291490691517,4.829470157119431e-13
mcm/9.tif,cdiff_artifact_score,11.6652371386,11.665237138558675,4.132516551180743e-11
mcm/9.tif,malvar_psnr,30.1676905068,30.167690506846064,4.6064485559327295e-11
mcm/9.tif,malvar_ssim,0.947458268721,0.9474582687213864,3.863576125695545e-13
mcm/9.tif,malvar_delta_e,2.27573169517,2.275731695174124,4.1238124026676815e-12
mcm/9.tif,malvar_edge_preservation,0.97905043726,0.9790504372598019,1.9806378759312793e-13
mcm/9.tif,malvar_artifact_score,12.3417755113,12.341775511251285,4.871480996371247e-11
mcm/9.tif,alleysson_psnr,31.8429710051,31.842971005054995,4.5005776883044746e-11
mcm/9.tif,alleysson_ssim,0.970415586075,0.9704155860747826,2.1738166822160565e-13
mcm/9.tif,alleysson_delta_e,2.16680295209,2.166802952089216,7.838174553853605e-13
mcm/9.tif,alleysson_edge_preservation,0.982163341774,0.9821633417739593,4.0745185003743245e-14
mcm/9.tif,alleysson_artifact_score,10.9447455021,10.944745502074616,2.538413923502958e-11
mcm/9.tif,menon_psnr,29.7593485265,29.75934852649437,5.6274984672199935e-12
mcm/9.tif,menon_ssim,0.940585134765,0.9405851347650285,2.842170943040401e-14
mcm/9.tif,menon_delta_e,2.41403709237,2.414037092373054,3.0540014961388806e-12
mcm/9.tif,menon_edge_preservation,0.979994849154,0.9799948491539032,9.681144774731365e-14
mcm/9.tif,menon_artifact_score,12.5627710837,12.562771083733084,3.3084646133829665e-11
mcm/10.tif,edge_density,0.083444,0.083444,0.0
mcm/10.tif,grad_mean,0.0472139575556,0.04721395755557954,2.045585922871851e-14
mcm/10.tif,grad_std,0.0581938956733,0.05819389567327332,2.6680047060523293e-14
mcm/10.tif,local_tex,0.0487920595777,0.04879205957765764,4.235500838944972e-14
mcm/10.tif,hf_energy,0.00246673835908,0.002466738359083369,3.3688329903469594e-15
mcm/10.tif,colour_variance,1179.07448549,1179.0744854934824,3.4824552130885422e-09
mcm/10.tif,sat_mean,0.728223679104,0.7282236791039833,1.6653345369377348e-14
mcm/10.tif,sat_std,0.231202157999,0.23120215799938287,3.8286041004198523e-13
mcm/10.tif,noise,0.0230069155952,0.023006915595191697,8.302386556024999e-15
mcm/10.tif,nearest_psnr,29.6505624552,29.65056245518175,1.8250290167998173e-11
mcm/10.tif,nearest_ssim,0.939851421022,0.9398514210223712,3.7114755713218983e-13
mcm/10.tif,nearest_delta_e,2.86257768662,2.8625776866156176,4.382272322800418e-12
mcm/10.tif,nearest_edge_preservation,0.937978426051,0.9379784260508194,1.8063328610651297e-13
mcm/10.tif,nearest_artifact_score,16.5081478399,16.508147839883083,1.6918022538447985e-11
mcm/10.tif,bilinear_psnr,34.6484277227,34.6484277227177,1.7699619547784096e-11
mcm/10.tif,bilinear_ssim,0.978483291704,0.9784832917038243,1.7563728249569976e-13
mcm/10.tif,bilinear_delta_e,1.60752920869,1.607529208687859,2.140954080687152e-12
mcm/10.tif,bilinear_edge_preservation,0.97606209337,0.9760620933698524,1.4765966227514582e-13
mcm/10.tif,bilinear_artifact_score,7.93404503601,7.9340450360130355,3.035793838535028e-12
mcm/10.tif,cdiff_psnr,33.5026101606,33.50261016060633,6.330935775622493e-12
mcm/10.tif,cdiff_ssim,0.979827835867,0.9798278358665601,4.39870362356487e-13
mcm/10.tif,cdiff_delta_e,1.68298514429,1.6829851442942312,4.231281991451397e-12
mcm/10.tif,cdiff_edge_preservation,0.982425206177,0.9824252061773004,3.0042635046356736e-13
mcm/10.tif,cdiff_artifact_score,7.85310867978,7.853108679779989,1.0658141036401503e-14
mcm/10.tif,malvar_psnr,31.1424516445,31.142451644529764,2.97646352009906e-11
mcm/10.tif,malvar_ssim,0.940803273705,0.9408032737049078,9.225953334635051e-14
mcm/10.tif,malvar_delta_e,1.83305654429,1.8330565442882736,1.7263968032921184e-12
mcm/10.tif,malvar_edge_preservation,0.969913830472,0.9699138304715044,4.956035581926699e-13
mcm/10.tif,malvar_artifact_score,8.82057121397,8.820571213972773,2.772893026303791e-12
mcm/10.tif,alleysson_psnr,33.5331288057,33.53312880566813,3.1874947126198094e-11
mcm/10.tif,alleysson_ssim,0.970663585467,0.9706635854667592,2.4080737404119645e-13
mcm/10.tif,alleysson_delta_e,1.65205081086,1.6520508108617835,1.7834622667578515e-12
mcm/10.tif,alleysson_edge_preservation,0.981591630508,0.9815916305083477,3.4772185131259903e-13
mcm/10.tif,alleysson_artifact_score,6.99367228444,6.9936722844362444,3.7552183584921295e-12
mcm/10.tif,menon_psnr,31.0848327333,31.084832733319484,1.9483081814541947e-11
mcm/10.tif,menon_ssim,0.932757049218,0.9327570492178533,1.4666046155298318e-13
mcm/10.tif,menon_delta_e,1.91576895898,1.9157689589789895,1.0105249970138175e-12
mcm/10.tif,menon_edge_preservation,0.971576751756,0.9715767517563489,3.489430966396867e-13
mcm/10.tif,menon_artifact_score,8.95595035043,8.955950350430285,2.859934511434403e-13
mcm/11.tif,edge_density,0.07632,0.07632,0.0
mcm/11.tif,grad_mean,0.0416087210136,0.04160872101358692,1.3079815008865125e-14
mcm/11.tif,grad_std,0.0518777386137,0.05187773861368142,1.8582357874663558e-14
mcm/11.tif,local_tex,0.042552811748,0.04255281174801509,1.5092094240998222e-14
mcm/11.tif,hf_energy,0.00318143285729,0.0031814328572874443,2.555681360982831e-15
mcm/11.tif,colour_variance,1067.21534228,1067.2153422805295,5.295532901072875e-10
mcm/11.tif,sat_mean,0.818209436716,0.8182094367160911,9.114931032172535e-14
mcm/11.tif,sat_std,0.200900333768,0.20090033376772612,2.738920201750261e-13
mcm/11.tif,noise,0.0232895256458,0.023289525645762376,3.762268274698499e-14
mcm/11.tif,nearest_psnr,30.8624078759,30.86240787588731,1.269029326067539e-11
mcm/11.tif,nearest_ssim,0.938408594509,0.938408594508898,1.0202949596305189e-13
mcm/11.tif,nearest_delta_e,2.4406531094,2.440653109400311,3.113065361048939e-13
mcm/11.tif,nearest_edge_preservation,0.933146710814,0.9331467108141581,1.580957587066223e-13
mcm/11.tif,nearest_artifact_score,14.3961936842,14.396193684171413,2.858691061646823e-11
mcm/11.tif,bilinear_psnr,35.8543153224,35.854315322390335,9.663381206337363e-12
mcm/11.tif,bilinear_ssim,0.977674520097,0.9776745200974263,4.263256414560601e-13
mcm/11.tif,bilinear_delta_e,1.39720940593,1.3972094059263114,3.68860497701462e-12
mcm/11.tif,bilinear_edge_preservation,0.975509599531,0.975509599531323,3.2296387786345804e-13
mcm/11.tif,bilinear_artifact_score,7.26484450987,7.264844509874374,4.374278717023117e-12
mcm/11.tif,cdiff_psnr,32.846514441,32.846514440986795,1.3201884030422661e-11
mcm/11.tif,cdiff_ssim,0.977192088011,0.9771920880113651,3.65152352799214e-13
mcm/11.tif,cdiff_delta_e,1.71638379031,1.7163837903054442,4.555911203851792e-12
mcm/11.tif,cdiff_edge_preservation,0.981737167532,0.9817371675321676,1.6753265441593612e-13
mcm/11.tif,cdiff_artifact_score,8.26754904484,8.267549044842843,2.8421709430404007e-12
mcm/11.tif,malvar_psnr,31.4972229041,31.497222904109975,9.976020010071807e-12
mcm/11.tif,malvar_ssim,0.942545095912,0.9425450959115709,4.29101199017623e-13
mcm/11.tif,malvar_delta_e,1.79519435617,1.7951943561690542,9.456879723757083e-13
mcm/11.tif,malvar_edge_preservation,0.969930708447,0.9699307084472857,2.856603842360528e-13
mcm/11.tif,malvar_artifact_score,8.44786560866,8.447865608658706,1.2949641359227826e-12
mcm/11.tif,alleysson_psnr,33.78405875,33.78405874997431,2.5693225325085223e-11
mcm/11.tif,alleysson_ssim,0.96812894088,0.9681289408798003,1.9972912213006566e-13
mcm/11.tif,alleysson_delta_e,1.60496374327,1.6049637432674573,2.5426327709965335e-12
mcm/11.tif,alleysson_edge_preservation,0.98061442312,0.9806144231201989,1.9884094371036554e-13
mcm/11.tif,alleysson_artifact_score,7.03412371507,7.034123715068468,1.532107773982716e-12
mcm/11.tif,menon_psnr,31.187884419,31.18788441904523,4.522959784480918e-11
mcm/11.tif,menon_ssim,0.933607129915,0.9336071299152019,2.0194956817931597e-13
mcm/11.tif,menon_delta_e,1.90022151813,1.9002215181294742,5.258016244624741e-13
mcm/11.tif,menon_edge_preservation,0.971072465421,0.9710724654209213,7.87148124459236e-14
mcm/11.tif,menon_artifact_score,8.92439931987,8.924399319867845,2.154720846192504e-12
mcm/12.tif,edge_density,0.069816,0.069816,0.0
mcm/12.tif,grad_mean,0.0429712330848,0.04297123308484557,4.5574655160862676e-14
mcm/12.tif,grad_std,0.0766963191405,0.07669631914052823,2.8227420401094605e-14
mcm/12.tif,local_tex,0.0423157279903,0.042315727990345456,4.545669396449625e-14
mcm/12.tif,hf_energy,0.0027538308385,0.002753830838501106,1.1058862159352145e-15
mcm/12.tif,colour_variance,301.7221937,301.7221937000723,7.23048287909478e-11
mcm/12.tif,sat_mean,0.636297143676,0.6362971436761506,1.5065726444163374e-13
mcm/12.tif,sat_std,0.18284396952,0.1828439695201592,1.5917822615563182e-13
mcm/12.tif,noise,0.0201611552599,0.0201611552598752,2.4799606812564434e-14
mcm/12.tif,nearest_psnr,27.8539970631,27.853997063073663,2.6336266500948113e-11
mcm/12.tif,nearest_ssim,0.928255865773,0.9282558657734078,4.0778491694482e-13
mcm/12.tif,nearest_delta_e,2.90472542499,2.9047254249924768,2.4766855233337992e-12
mcm/12.tif,nearest_edge_preservation,0.901196243071,0.9011962430712892,2.892130979148533e-13
mcm/12.tif,nearest_artifact_score,23.0938902827,23.093890282737192,3.7193359503362444e-11
mcm/12.tif,bilinear_psnr,32.0685926686,32.06859266858759,1.240607616637135e-11
mcm/12.tif,bilinear_ssim,0.973790502781,0.9737905027812367,2.3669954885008337e-13
mcm/12.tif,bilinear_delta_e,1.78754872485,1.7875487248524413,2.4413804311507192e-12
mcm/12.tif,bilinear_edge_preservation,0.96915480791,0.9691548079104277,4.277689313880728e-13
mcm/12.tif,bilinear_artifact_score,12.7695103741,12.76951037413717,3.717026686445024e-11
mcm/12.tif,cdiff_psnr,32.4251497972,32.42514979719611,3.886668764607748e-12
mcm/12.tif,cdiff_ssim,0.977217647934,0.9772176479335125,4.874989301129062e-13
mcm/12.tif,cdiff_delta_e,1.836752867,1.8367528669952802,4.7197801222864655e-12
mcm/12.tif,cdiff_edge_preservation,0.983209183886,0.9832091838860328,3.2862601528904634e-14
mcm/12.tif,cdiff_artifact_score,12.0503024283,12.050302428341617,4.161648803346907e-11
mcm/12.tif,malvar_psnr,31.7627625077,31.762762507716104,1.610445110600267e-11
mcm/12.tif,malvar_ssim,0.96709964313,0.967099643129624,3.75921516138078e-13
mcm/12.tif,malvar_delta_e,1.75909120175,1.759091201745504,4.495959160522034e-12
mcm/12.tif,malvar_edge_preservation,0.985978489062,0.9859784890616775,3.22519788653608e-13
mcm/12.tif,malvar_artifact_score,10.7006915217,10.700691521665792,3.420730365633062e-11
mcm/12.tif,alleysson_psnr,33.3801956628,33.380195662838815,3.881694965457427e-11
mcm/12.tif,alleysson_ssim,0.976637120931,0.9766371209308566,1.433297924791077e-13
mcm/12.tif,alleysson_delta_e,1.69920062499,1.6992006249856049,4.39515090988607e-12
mcm/12.tif,alleysson_edge_preservation,0.980226524478,0.9802265244782792,2.7922109069322687e-13
mcm/12.tif,alleysson_artifact_score,10.1828711718,10.182871171791302,8.698819442543027e-12
mcm/12.tif,menon_psnr,32.5428475944,32.54284759437171,2.829381173796719e-11
mcm/12.tif,menon_ssim,0.965364650742,0.9653646507420944,9.447997939560082e-14
mcm/12.tif,menon_delta_e,1.64435098152,1.6443509815249318,4.93183271998987e-12
mcm/12.tif,menon_edge_preservation,0.989088945446,0.989088945446451,4.509725926027386e-13
mcm/12.tif,menon_artifact_score,9.41504384518,9.415043845181334,1.334043986389588e-12
mcm/13.tif,edge_density,0.030472,0.030472,0.0
mcm/13.tif,grad_mean,0.0245764947566,0.02457649475663157,3.157196726277789e-14
mcm/13.tif,grad_std,0.0525858920289,0.052585892028863095,3.690797667488255e-14
mcm/13.tif,local_tex,0.0249542637161,0.02495426371610238,2.3800406090401793e-15
mcm/13.tif,hf_energy,0.000520178345967,0.0005201783459669145,8.55435514091063e-17
mcm/13.tif,colour_variance,99.1709392821,99.1709392820819,1.809041805245215e-11
mcm/13.tif,sat_mean,0.488934397797,0.4889343977970007,7.216449660063518e-16
mcm/13.tif,sat_std,0.12084304205,0.12084304204963581,3.641947854404748e-13
mcm/13.tif,noise,0.0184654949564,0.01846549495644856,4.856184898649474e-14
mcm/13.tif,nearest_psnr,32.0480567752,32.04805677521912,1.9120705019304296e-11
mcm/13.tif,nearest_ssim,0.960860958583,0.9608609585826365,3.6348701826227625e-13
mcm/13.tif,nearest_delta_e,2.08295256533,2.082952565325081,4.9187320882992935e-12
mcm/13.tif,nearest_edge_preservation,0.931832625601,0.931832625600526,4.739542092124793e-13
mcm/13.tif,nearest_artifact_score,11.9615270908,11.961527090815789,1.5788259588589426e-11
mcm/13.tif,bilinear_psnr,36.7735992023,36.77359920225115,4.884981308350689e-11
mcm/13.tif,bilinear_ssim,0.982761659155,0.9827616591553853,3.852473895449293e-13
mcm/13.tif,bilinear_delta_e,1.33269227317,1.33269227316701,2.9898306053155466e-12
mcm/13.tif,bilinear_edge_preservation,0.982106892877,0.98210689287664,3.6004532688593827e-13
mcm/13.tif,bilinear_artifact_score,6.44126196497,6.441261964972206,2.206235194535111e-12
mcm/13.tif,cdiff_psnr,36.7928016654,36.7928016653956,4.39825953435502e-12
mcm/13.tif,cdiff_ssim,0.984430385162,0.984430385162002,1.9984014443252818e-15
mcm/13.tif,cdiff_delta_e,1.4011014559,1.4011014559022086,2.2086776851892864e-12
mcm/13.tif,cdiff_edge_preservation,0.990854926941,0.9908549269413278,3.2784885917180873e-13
mcm/13.tif,cdiff_artifact_score,6.36252238645,6.362522386446316,3.6841640849161195e-12
mcm/13.tif,malvar_psnr,35.1996912155,35.19969121550691,6.906475391588174e-12
mcm/13.tif,malvar_ssim,0.978764963435,0.9787649634354711,4.711786516509164e-13
mcm/13.tif,malvar_delta_e,1.41858454292,1.4185845429232893,3.2893687773594138e-12
mcm/13.tif,malvar_edge_preservation,0.984986543143,0.9849865431426471,3.5293989952833726e-13
mcm/13.tif,malvar_artifact_score,6.89126705614,6.891267056143834,3.8333780594257405e-12
mcm/13.tif,alleysson_psnr,37.5703727984,37.57037279838553,1.447375552743324e-11
mcm/13.tif,alleysson_ssim,0.985644164987,0.9856441649866388,3.6126657221302594e-13
mcm/13.tif,alleysson_delta_e,1.27844537746,1.278445377458914,1.0860201626883281e-12
mcm/13.tif,alleysson_edge_preservation,0.987905426878,0.9879054268777177,2.823297151621773e-13
mcm/13.tif,alleysson_artifact_score,5.68507959428,5.685079594284544,4.543920795185841e-12
mcm/13.tif,menon_psnr,35.5340558128,35.53405581276771,3.228706191293895e-11
mcm/13.tif,menon_ssim,0.977314904822,0.9773149048221674,1.674216321134736e-13
mcm/13.tif,menon_delta_e,1.41299263192,1.412992631923783,3.7831959787126834e-12
mcm/13.tif,menon_edge_preservation,0.989172727652,0.9891727276517587,2.4136248555350903e-13
mcm/13.tif,menon_artifact_score,6.60505388444,6.6050538844351765,4.82369699739138e-12
mcm/14.tif,edge_density,0.042308,0.042308,0.0
mcm/14.tif,grad_mean,0.0319136966317,0.031913696631708656,8.652800698172314e-15
mcm/14.tif,grad_std,0.0507040632322,0.05070406323217265,2.7353119769202294e-14
mcm/14.tif,local_tex,0.0342250548715,0.03422505487154892,4.891920202254596e-14
mcm/14.tif,hf_energy,0.00169884857583,0.0016988485758342845,4.2845501452282164e-15
mcm/14.tif,colour_variance,957.669137725,957.6691377253385,3.384457158972509e-10
mcm/14.tif,sat_mean,0.596358261805,0.5963582618047525,2.474687121889474e-13
mcm/14.tif,sat_std,0.299775043454,0.29977504345449446,4.944378240168135e-13
mcm/14.tif,noise,0.0208099296368,0.020809929636838115,3.8115344214162405e-14
mcm/14.tif,nearest_psnr,31.4824568404,31.48245684042745,2.744826588241267e-11
mcm/14.tif,nearest_ssim,0.951117310738,0.9511173107380008,7.771561172376096e-16
mcm/14.tif,nearest_delta_e,2.56369752889,2.5636975288867228,3.277378368693462e-12
mcm/14.tif,nearest_edge_preservation,0.945524172924,0.9455241729239707,2.930988785010413e-14
mcm/14.tif,nearest_artifact_score,13.5075732026,13.50757320264699,4.6989967472654826e-11
mcm/14.tif,bilinear_psnr,35.4721978485,35.47219784846958,3.042543994524749e-11
mcm/14.tif,bilinear_ssim,0.9774020731,0.9774020731001826,1.8252066524837574e-13
mcm/14.tif,bilinear_delta_e,1.5946332577,1.5946332577013211,1.3211653993039363e-12
mcm/14.tif,bilinear_edge_preservation,0.973124216485,0.9731242164849274,7.260858581048524e-14
mcm/14.tif,bilinear_artifact_score,7.51494177188,7.514941771884985,4.984457291357103e-12
mcm/14.tif,cdiff_psnr,34.6163106435,34.61631064352761,2.7611690711637493e-11
mcm/14.tif,cdiff_ssim,0.980136673729,0.9801366737288678,1.3222756223285614e-13
mcm/14.tif,cdiff_delta_e,1.63057342472,1.6305734247205477,5.475619957451272e-13
mcm/14.tif,cdiff_edge_preservation,0.98475159938,0.9847515993795917,4.083400284571326e-13
mcm/14.tif,cdiff_artifact_score,7.60638028111,7.60638028110586,4.139799614222284e-12
mcm/14.tif,malvar_psnr,32.3064942959,32.30649429587348,2.652456032592454e-11
mcm/14.tif,malvar_ssim,0.933365409381,0.9333654093813074,3.0742075551870585e-13
mcm/14.tif,malvar_delta_e,1.8045720045,1.8045720044978482,2.1518342663284784e-12
mcm/14.tif,malvar_edge_preservation,0.965129452402,0.965129452401832,1.6797674362578618e-13
mcm/14.tif,malvar_artifact_score,8.48856062249,8.488560622487944,2.05702122002549e-12
mcm/14.tif,alleysson_psnr,34.8979309745,34.89793097453223,3.2230218494078144e-11
mcm/14.tif,alleysson_ssim,0.968308271872,0.9683082718719765,2.3425705819590803e-14
mcm/14.tif,alleysson_delta_e,1.62960193681,1.6296019368143222,4.3220982348657344e-12
mcm/14.tif,alleysson_edge_preservation,0.97720907712,0.9772090771195179,4.821698595947055e-13
mcm/14.tif,alleysson_artifact_score,7.05978824946,7.059788249464071,4.070521697485674e-12
mcm/14.tif,menon_psnr,32.5698255074,32.56982550742074,2.0740742456837324e-11
mcm/14.tif,menon_ssim,0.927063080291,0.9270630802913883,3.8824499171141724e-13
mcm/14.tif,menon_delta_e,1.79210494041,1.792104940414883,4.8829829069063635e-12
mcm/14.tif,menon_edge_preservation,0.967830360983,0.9678303609825333,4.667377595524158e-13
mcm/14.tif,menon_artifact_score,8.43267082477,8.432670824771376,1.3766765505351941e-12
mcm/15.tif,edge_density,0.038552,0.038552,0.0
mcm/15.tif,grad_mean,0.0313940016639,0.03139400166387663,2.3370194668359545e-14
mcm/15.tif,grad_std,0.0501392497657,0.05013924976568615,1.3850032232198828e-14
mcm/15.tif,local_tex,0.0334804290894,0.03348042908939419,5.80785419757035e-15
mcm/15.tif,hf_energy,0.00209015909782,0.002090159097823138,3.138114768042044e-15
mcm/15.tif,colour_variance,922.164901148,922.1649011484787,4.787352736457251e-10
mcm/15.tif,sat_mean,0.740320998511,0.7403209985113605,3.6048941609578833e-13
mcm/15.tif,sat_std,0.222573002291,0.22257300229143492,4.3492986989690507e-13
mcm/15.tif,noise,0.0221271382204,0.022127138220370105,2.9896224384984293e-14
mcm/15.tif,nearest_psnr,31.169719199,31.16971919898436,1.5639045614079805e-11
mcm/15.tif,nearest_ssim,0.939960230296,0.9399602302960758,7.582823258189819e-14
mcm/15.tif,nearest_delta_e,2.25549290574,2.2554929057358346,4.165556788393587e-12
mcm/15.tif,nearest_edge_preservation,0.933903565413,0.9339035654125037,4.96269692007445e-13
mcm/15.tif,nearest_artifact_score,13.5120934465,13.512093446494411,5.588418616753188e-12
mcm/15.tif,bilinear_psnr,35.8607676416,35.860767641570874,2.9125146738806507e-11
mcm/15.tif,bilinear_ssim,0.973776321771,0.973776321770637,3.630429290524262e-13
mcm/15.tif,bilinear_delta_e,1.39073541227,1.3907354122708793,8.79296635503124e-13
mcm/15.tif,bilinear_edge_preservation,0.972432986614,0.9724329866140675,6.750155989720952e-14
mcm/15.tif,bilinear_artifact_score,7.08472268772,7.08472268772028,2.7977620220553945e-13
mcm/15.tif,cdiff_psnr,35.2150644657,35.2150644656727,2.730615733526065e-11
mcm/15.tif,cdiff_ssim,0.975039426323,0.9750394263234504,4.50417481090426e-13
mcm/15.tif,cdiff_delta_e,1.44858034439,1.4485803443926901,2.6900703886667543e-12
mcm/15.tif,cdiff_edge_preservation,0.981552183869,0.9815521838693329,3.3284486278262193e-13
mcm/15.tif,cdiff_artifact_score,7.16843950864,7.168439508636084,3.915978652457852e-12
mcm/15.tif,malvar_psnr,31.9667695458,31.96676954577735,2.2648549702353193e-11
mcm/15.tif,malvar_ssim,0.906400375611,0.9064003756106443,3.5560443478743764e-13
mcm/15.tif,malvar_delta_e,1.68745901248,1.6874590124790703,9.29700760821106e-13
mcm/15.tif,malvar_edge_preservation,0.958741602794,0.9587416027938916,1.0835776720341528e-13
mcm/15.tif,malvar_artifact_score,8.19516514971,8.195165149705927,4.073186232744774e-12
mcm/15.tif,alleysson_psnr,34.485791422,34.48579142195358,4.6419756927207345e-11
mcm/15.tif,alleysson_ssim,0.946044606415,0.9460446064153719,3.7192471324942744e-13
mcm/15.tif,alleysson_delta_e,1.57263503997,1.5726350399740237,4.023670285846492e-12
mcm/15.tif,alleysson_edge_preservation,0.971511012929,0.971511012929482,4.82058837292243e-13
mcm/15.tif,alleysson_artifact_score,6.89784807744,6.897848077438686,1.3136158827364852e-12
mcm/15.tif,menon_psnr,32.026942063,32.0269420629888,1.1198153515579179e-11
mcm/15.tif,menon_ssim,0.893450811718,0.8934508117175975,4.0245584642661925e-13
mcm/15.tif,menon_delta_e,1.70141696888,1.7014169688796095,3.9057646006313007e-13
mcm/15.tif,menon_edge_preservation,0.957187285924,0.9571872859235825,4.175548795615214e-13
mcm/15.tif,menon_artifact_score,8.27225227083,8.27225227082723,2.7693403126249905e-12
mcm/16.tif,edge_density,0.16474,0.16474,0.0
mcm/16.tif,grad_mean,0.0971658170474,0.09716581704736311,3.6887159993170826e-14
mcm/16.tif,grad_std,0.0942433830788,0.09424338307880266,2.6645352591003757e-15
mcm/16.tif,local_tex,0.0907381823169,0.090738182316895,5.009881398621019e-15
mcm/16.tif,hf_energy,0.00586440497738,0.005864404977376244,3.755676325489787e-15
mcm/16.tif,colour_variance,726.341178747,726.34117874659,4.099547368241474e-10
mcm/16.tif,sat_mean,0.808764055495,0.8087640554950463,4.629630012686903e-14
mcm/16.tif,sat_std,0.143786253001,0.14378625300103154,3.1530333899354446e-14
mcm/16.tif,noise,0.0685489108751,0.06854891087505598,4.4020342926387457e-14
mcm/16.tif,nearest_psnr,25.8259546096,25.825954609594845,5.154987547939527e-12
mcm/16.tif,nearest_ssim,0.90117064104,0.9011706410395982,4.0178971261184415e-13
mcm/16.tif,nearest_delta_e,4.05024268369,4.050242683685763,4.236611061969597e-12
mcm/16.tif,nearest_edge_preservation,0.915632502958,0.9156325029576722,3.2784885917180873e-13
mcm/16.tif,nearest_artifact_score,24.6251880993,24.62518809926936,3.064215547965432e-11
mcm/16.tif,bilinear_psnr,30.3232187381,30.323218738126133,2.6133761821256485e-11
mcm/16.tif,bilinear_ssim,0.958829045613,0.9588290456128944,1.0558220964185239e-13
mcm/16.tif,bilinear_delta_e,2.41303354763,2.4130335476302935,2.935429677108914e-13
mcm/16.tif,bilinear_edge_preservation,0.966023304555,0.9660233045547177,2.822186928597148e-13
mcm/16.tif,bilinear_artifact_score,13.2521860954,13.252186095402742,2.7409186031945865e-12
mcm/16.tif,cdiff_psnr,24.0862826982,24.086282698187656,1.234568003383174e-11
mcm/16.tif,cdiff_ssim,0.953765861817,0.9537658618171387,1.3877787807814457e-13
mcm/16.tif,cdiff_delta_e,3.35540776157,3.35540776157114,1.1399770016851107e-12
mcm/16.tif,cdiff_edge_preservation,0.978046697344,0.9780466973444396,4.39648317751562e-13
mcm/16.tif,cdiff_artifact_score,16.5762448864,16.576244886440175,4.0174086279876065e-11
mcm/16.tif,malvar_psnr,24.7079477586,24.707947758605584,5.5848659030743875e-12
mcm/16.tif,malvar_ssim,0.959431661795,0.9594316617954664,4.664046926450283e-13
mcm/16.tif,malvar_delta_e,2.973173386,2.9731733860022214,2.2213342276700132e-12
mcm/16.tif,malvar_edge_preservation,0.978879262675,0.9788792626746554,3.446132268436486e-13
mcm/16.tif,malvar_artifact_score,15.3794497761,15.379449776057168,4.283151611161884e-11
mcm/16.tif,alleysson_psnr,26.8024156978,26.802415697815036,1.503508428868372e-11
mcm/16.tif,alleysson_ssim,0.972110312671,0.9721103126706959,3.040900864448304e-13
mcm/16.tif,alleysson_delta_e,2.51281429727,2.5128142972711167,1.1168843627729075e-12
mcm/16.tif,alleysson_edge_preservation,0.978031230614,0.9780312306140466,4.6629367034256575e-14
mcm/16.tif,alleysson_artifact_score,13.2643510325,13.264351032483374,1.6626700016786344e-11
mcm/16.tif,menon_psnr,23.7375651721,23.73756517208929,1.070787902790471e-11
mcm/16.tif,menon_ssim,0.945354535287,0.945354535287003,2.9976021664879227e-15
mcm/16.tif,menon_delta_e,3.34767624956,3.3476762495581154,1.8847146066036657e-12
mcm/16.tif,menon_edge_preservation,0.975742424816,0.9757424248155606,4.3942627314663696e-13
mcm/16.tif,menon_artifact_score,17.4431153632,17.443115363171273,2.872724280678085e-11
mcm/17.tif,edge_density,0.122668,0.122668,0.0
mcm/17.tif,grad_mean,0.0619439379913,0.06194393799134918,4.9182879990894435e-14
mcm/17.tif,grad_std,0.0643556762257,0.06435567622567022,2.9781732635569824e-14
mcm/17.tif,local_tex,0.0598760765948,0.05987607659481682,1.6819878823071122e-14
mcm/17.tif,hf_energy,0.00658790839198,0.006587908391976567,3.4330177589581012e-15
mcm/17.tif,colour_variance,2186.64550947,2186.6455094680787,1.921307557495311e-09
mcm/17.tif,sat_mean,0.784505278168,0.784505278168155,1.5498713423767185e-13
mcm/17.tif,sat_std,0.172513320259,0.17251332025912677,1.2675971383657725e-13
mcm/17.tif,noise,0.0378058523303,0.03780585233031696,1.6965595595053173e-14
mcm/17.tif,nearest_psnr,26.8047999699,26.80479996985639,4.360956040727615e-11
mcm/17.tif,nearest_ssim,0.904464795434,0.9044647954341772,1.7719159473017498e-13
mcm/17.tif,nearest_delta_e,3.89229975376,3.892299753764744,4.743760939618369e-12
mcm/17.tif,nearest_edge_preservation,0.91216747957,0.9121674795697411,2.589040093425865e-13
mcm/17.tif,nearest_artifact_score,20.2110666038,20.21106660379329,6.707523425575346e-12
mcm/17.tif,bilinear_psnr,31.6641695189,31.66416951894338,4.3378634018154116e-11
mcm/17.tif,bilinear_ssim,0.964068429337,0.964068429336861,1.389999226830696e-13
mcm/17.tif,bilinear_delta_e,2.28897417999,2.2889741799938683,3.8684611070038954e-12
mcm/17.tif,bilinear_edge_preservation,0.963748768194,0.9637487681937199,2.80109269112927e-13
mcm/17.tif,bilinear_artifact_score,10.9313503899,10.931350389876993,2.3007373783912044e-11
mcm/17.tif,cdiff_psnr,28.6827782754,28.682778275403265,3.2649438708176604e-12
mcm/17.tif,cdiff_ssim,0.961122810694,0.9611228106936073,3.9268588380991787e-13
mcm/17.tif,cdiff_delta_e,2.98522631193,2.985226311927001,2.998934434117473e-12
mcm/17.tif,cdiff_edge_preservation,0.96715128335,0.9671512833499596,4.04121180963557e-14
mcm/17.tif,cdiff_artifact_score,13.8993100263,13.89931002631802,1.801936377887614e-11
mcm/17.tif,malvar_psnr,26.246619008,26.246619007988485,1.1514345032992424e-11
mcm/17.tif,malvar_ssim,0.843911575514,0.8439115755138293,1.7064127888488656e-13
mcm/17.tif,malvar_delta_e,3.38860246608,3.388602466082364,2.3638868640318833e-12
mcm/17.tif,malvar_edge_preservation,0.914149612958,0.9141496129582638,2.637889906509372e-13
mcm/17.tif,malvar_artifact_score,15.9804903546,15.980490354638253,3.8252068179644994e-11
mcm/17.tif,alleysson_psnr,28.5288962308,28.528896230826202,2.6201263381153694e-11
mcm/17.tif,alleysson_ssim,0.922996438565,0.9229964385652012,2.0117241206207837e-13
mcm/17.tif,alleysson_delta_e,3.03505101437,3.035051014368263,1.7368328997235949e-12
mcm/17.tif,alleysson_edge_preservation,0.951457336874,0.9514573368737431,2.569056078982612e-13
mcm/17.tif,alleysson_artifact_score,12.994181053,12.994181053047978,4.7977621875361365e-11
mcm/17.tif,menon_psnr,25.2854014374,25.28540143740098,9.805489753489383e-13
mcm/17.tif,menon_ssim,0.81671108413,0.816711084130081,8.093525849517391e-14
mcm/17.tif,menon_delta_e,3.96096171385,3.960961713851744,1.7439383270811959e-12
mcm/17.tif,menon_edge_preservation,0.914966489194,0.9149664891940581,5.806466418789569e-14
mcm/17.tif,menon_artifact_score,18.3379671944,18.337967194355567,4.4433789980757865e-11
mcm/18.tif,edge_density,0.087428,0.087428,0.0
mcm/18.tif,grad_mean,0.0817977326002,0.08179773260017227,2.7727820040013285e-14
mcm/18.tif,grad_std,0.120675873543,0.12067587354327755,2.7755575615628914e-13
mcm/18.tif,local_tex,0.0892376601365,0.0892376601364986,1.4016565685892601e-15
mcm/18.tif,hf_energy,0.0045339984922,0.004533998492204951,4.9509008004378074e-15
mcm/18.tif,colour_variance,910.968201857,910.9682018572323,2.3226220946526155e-10
mcm/18.tif,sat_mean,0.540389100323,0.540389100323458,4.579669976578771e-13
mcm/18.tif,sat_std,0.27606701307,0.2760670130699436,5.639932965095795e-14
mcm/18.tif,noise,0.049070934694,0.04907093469395272,4.7281623061223854e-14
mcm/18.tif,nearest_psnr,24.5001748567,24.500174856747073,4.707345624410664e-11
mcm/18.tif,nearest_ssim,0.88558475289,0.8855847528896695,3.305133944309091e-13
mcm/18.tif,nearest_delta_e,4.57965085701,4.579650857005563,4.4364512064021255e-12
mcm/18.tif,nearest_edge_preservation,0.938033162904,0.9380331629039739,2.609024107869118e-14
mcm/18.tif,nearest_artifact_score,28.4063194466,28.40631944658996,1.0039968856290216e-11
mcm/18.tif,bilinear_psnr,28.5315785449,28.531578544866484,3.3516300845803926e-11
mcm/18.tif,bilinear_ssim,0.943608326611,0.9436083266106746,3.254063685176334e-13
mcm/18.tif,bilinear_delta_e,3.07545299378,3.0754529937812523,1.2523315717771766e-12
mcm/18.tif,bilinear_edge_preservation,0.971173672481,0.971173672481262,2.6201263381153694e-13
mcm/18.tif,bilinear_artifact_score,17.6315799695,17.631579969541004,4.100542128071538e-11
mcm/18.tif,cdiff_psnr,27.8459340731,27.845934073104385,4.384048679639818e-12
mcm/18.tif,cdiff_ssim,0.950190646252,0.9501906462521547,1.546540673302843e-13
mcm/18.tif,cdiff_delta_e,3.32998884541,3.329988845409247,7.531752999057062e-13
mcm/18.tif,cdiff_edge_preservation,0.984462414027,0.9844624140273676,3.6759484345338933e-13
mcm/18.tif,cdiff_artifact_score,16.9610925922,16.961092592158096,4.190425784145191e-11
mcm/18.tif,malvar_psnr,27.8062599881,27.806259988086012,1.3987033753437572e-11
mcm/18.tif,malvar_ssim,0.942040245192,0.942040245191905,9.50350909079134e-14
mcm/18.tif,malvar_delta_e,3.19901739934,3.19901739933911,8.903988657493755e-13
mcm/18.tif,malvar_edge_preservation,0.983957716684,0.9839577166841376,1.375566327510569e-13
mcm/18.tif,malvar_artifact_score,15.3646912517,15.364691251687418,1.2581935493471974e-11
mcm/18.tif,alleysson_psnr,29.3269065479,29.32690654794815,4.814992848878319e-11
mcm/18.tif,alleysson_ssim,0.957867229046,0.9578672290455319,4.68070027181966e-13
mcm/18.tif,alleysson_delta_e,3.05399895678,3.0539989567763475,3.652633751016765e-12
mcm/18.tif,alleysson_edge_preservation,0.979251119049,0.9792511190487411,2.589040093425865e-13
mcm/18.tif,alleysson_artifact_score,14.89922229,14.899222289988753,1.1247891507082386e-11
mcm/18.tif,menon_psnr,28.2092028817,28.20920288172919,2.9189095585024916e-11
mcm/18.tif,menon_ssim,0.941832921177,0.9418329211773457,3.4572344986827375e-13
mcm/18.tif,menon_delta_e,3.01248673157,3.0124867315680164,1.9837465004002297e-12
mcm/18.tif,menon_edge_preservation,0.987765174932,0.987765174931729,2.710054403110007e-13
mcm/18.tif,menon_artifact_score,13.2515898242,13.251589824241472,4.147260312947765e-11
